year,month,2-gram,count
2023,11,editorial stance,41
2024,03,editorial stance,26
2023,12,editorial stance,24
2023,10,editorial stance,23
2021,05,editorial stance,22
2024,02,editorial stance,21
2023,11,and YouTube,15
2024,03,Gaza here,15
2023,10,and YouTube,13
2024,04,Gaza here,13
2024,01,editorial stance,13
2024,01,and YouTube,12
2023,10,he said,11
2024,04,editorial stance,11
2023,12,page here,9
2023,10,along here,9
2023,11,he said,8
2023,11,updates here,8
2021,06,editorial stance,8
2023,10,coverage here,7
2023,10,now closed,7
2024,02,and YouTube,7
2024,03,and YouTube,7
2023,10,and Facebook,7
2023,12,1 200,7
2024,04,the war,6
2023,11,Israeli officials,6
2023,12,Al Jazeera,6
2023,11,page here,6
2024,03,updates here,5
2024,04,he said,5
2023,12,and YouTube,5
2022,12,editorial stance,4
2024,02,he said,4
2023,06,editorial stance,4
2022,05,Twitter arwaib,4
2024,04,updates here,4
2023,11,in Gaza,4
2021,05,go here,4
2023,07,editorial stance,4
2023,10,Israeli officials,4
2023,06,1967 War,4
2024,02,Gaza here,4
2022,08,editorial stance,4
2023,11,1 200,4
2021,05,she said,3
2023,12,developments here,3
2023,11,along here,3
2022,09,editorial stance,3
2023,12,he added,3
2023,12,he said,3
2022,05,independent probe,3
2023,10,Al Jazeera,3
2023,11,now closed,3
2023,11,and children,3
2023,11,Al Jazeera,3
2024,02,Al Jazeera,3
2024,04,and YouTube,3
2024,01,Gaza here,3
2023,10,of need,3
2023,10,killed in,3
2023,05,a statement,3
2023,11,with Egab,3
2024,02,in Israel,3
2023,11,Israeli authorities,3
2024,03,October 7,3
2023,10,to leave,3
2024,03,now closed,3
2021,07,international community,3
2024,02,under rubble,3
2021,08,editorial stance,3
2023,10,Palestinian people,3
2023,10,artificial intelligence,3
2021,12,editorial stance,3
2023,11,Palestinian officials,3
2023,11,mostly civilians,2
2024,03,8 2024,2
2023,10,breaking point,2
2024,02,she said,2
2023,01,international community,2
2024,01,a statement,2
2023,11,Middle East,2
2023,11,Gaza war,2
2024,04,4 2024,2
2023,10,be continued,2
2022,11,Palestinian attacks,2
2024,01,artificial intelligence,2
2024,01,now closed,2
2023,12,of Health,2
2023,11,workers say,2
2023,10,beastly people,2
2023,10,the day,2
2023,01,or charge,2
2023,06,and 13,2
2022,06,Old City,2
2023,07,same period,2
2024,03,told reporters,2
2024,02,Israeli figures,2
2023,01,them civilians,2
2023,11,the war,2
2022,04,impoverished territory,2
2023,11,the rubble,2
2023,12,updates here,2
2024,01,three months,2
2023,10,this year,2
2023,11,raids in,2
2024,03,12 2024,2
2022,09,Bank in,2
2024,02,five civilians,2
2023,11,humanitarian crisis,2
2024,03,he said,2
2023,12,October 7,2
2022,12,against Palestinians,2
2023,12,for Israel,2
2023,10,potential retribution,2
2024,01,he said,2
2023,12,Palestinian people,2
2024,01,he told,2
2022,12,and Facebook,2
2023,07,and Facebook,2
2022,08,to it,2
2023,11,increasingly dire,2
2024,02,with Israel,2
2021,08,50 percent,2
2023,11,in ruins,2
2024,01,without punishment,2
2023,10,10 2023,2
2023,10,16 2023,2
2024,03,21 2024,2
2024,01,entire year,2
2022,01,future state,2
2022,04,eternal capital,2
2022,04,editorial stance,2
2023,07,he said,2
2021,05,East conflict,2
2023,10,since Saturday,2
2023,12,of war,2
2024,01,deaths in,2
2024,02,7 2024,2
2023,10,she said,2
2024,01,diplomacy diplomacy,2
2023,10,24 2023,2
2023,12,Israeli authorities,2
2021,06,second time,2
2021,08,the conflict,2
2023,01,Israeli history,2
2023,12,1 150,2
2024,03,refugee camp,2
2023,11,governed enclave,2
2024,04,8 2024,2
2023,10,our lives,2
2023,10,others injured,2
2023,10,and Gaza,2
2024,02,and children,2
2023,10,into the,2
2023,10,Palestinian enclave,2
2023,12,them civilians,2
2022,05,her killing,2
2024,04,the country,2
2023,11,13 2023,2
2023,12,25 2023,2
2024,01,since October,2
2023,11,war here,2
2023,12,are attacked,2
2023,11,war started,2
2024,03,Hessen Schei,2
2023,11,Chatham House,2
2023,10,Palestinian officials,2
2023,11,artificial intelligence,2
2022,05,editorial stance,2
2024,01,still held,2
2023,03,Palestinian attacks,2
2022,05,by the,2
2023,12,and Israel,2
2023,11,7 2023,2
2023,08,independent state,2
2024,01,26 2024,2
2023,05,and Facebook,2
2023,10,October 7,2
2024,01,25 2024,2
2023,10,it said,2
2023,03,more insecurity,2
2024,01,4 2024,2
2023,11,with Hamas,2
2024,02,international law,2
2023,11,27 2023,2
2021,05,click here,2
2023,11,25 2023,2
2023,11,24 2023,2
2023,11,23 2023,2
2023,08,editorial stance,2
2024,02,now closed,2
2024,04,of Health,2
2022,06,and Facebook,2
2023,10,Palestinian state,2
2023,10,health ministry,2
2024,02,he added,2
2023,11,a ceasefire,2
2023,02,and Facebook,2
2024,02,page here,2
2023,10,Gaza war,2
2023,12,the rubble,2
2023,10,to it,2
2024,01,1 139,2
2021,05,Al Jazeera,2
2023,02,a decade,2
2024,03,Al Jazeera,2
2023,11,breaking point,2
2023,04,editorial stance,2
2023,11,them children,2
2023,05,war crimes,2
2023,11,United Nations,2
2024,04,October 7,2
2023,08,same period,2
2023,05,same period,2
2023,11,been displaced,2
2021,05,and again,2
2023,11,of London,2
2023,11,Palestinian Authority,2
2023,10,like this,2
2024,04,of famine,2
2023,10,Israeli authorities,2
2023,03,this year,2
2024,02,in Gaza,2
2022,05,and Facebook,2
2024,01,14 2024,2
2023,10,and security,2
2021,05,a crime,2
2022,09,in 2022,2
2023,07,war crime,2
2023,10,are children,2
2023,12,Palestinians said,1
2023,12,Palestinian rights,1
2023,12,and Journalist,1
2023,12,and Knowledge,1
2023,12,Protect Journalists,1
2023,12,aggression he,1
2023,12,Protest Journalists,1
2023,12,and East,1
2023,12,affects US,1
2023,12,against it,1
2023,12,across the,1
2023,12,against religious,1
2023,12,a truce,1
2023,12,against them,1
2023,12,1 2023,1
2023,12,a statement,1
2023,12,a graveyard,1
2023,12,agency OCHA,1
2023,12,a Hamas,1
2023,12,agency estimates,1
2023,12,Zein Basravi,1
2023,12,Zambia previously,1
2023,12,Zahra 33,1
2023,12,agency on,1
2023,12,YTN reported,1
2023,12,Utrecht University,1
2023,12,Ubai close,1
2023,12,agency reported,1
2023,12,UN estimates,1
2023,12,against humanity,1
2023,12,10 1948,1
2023,12,all the,1
2023,12,along here,1
2023,12,Strip on,1
2023,12,am afraid,1
2023,12,Saudi Arabia,1
2023,12,Quality Authority,1
2023,12,18 2023,1
2023,12,Gaza Strip,1
2023,12,Palestinian officials,1
2023,12,Palestinian communities,1
2023,12,4 2023,1
2023,12,5 2023,1
2023,12,6 2023,1
2023,12,7 2023,1
2023,12,7 attacks,1
2023,12,8 2023,1
2023,12,9 2023,1
2023,12,Abu Amra,1
2023,12,African Studies,1
2023,12,Arab world,1
2023,12,Arraf said,1
2023,12,Bank while,1
2023,12,British students,1
2023,12,Brown said,1
2023,12,Committee harvardpsc,1
2023,12,Correspondent Euronews,1
2023,12,Criminal Court,1
2023,12,Daniel Hagari,1
2023,12,David_Cameron December,1
2023,12,388 children,1
2023,12,30 2023,1
2023,12,3 2023,1
2023,12,23 2023,1
2023,12,19 2023,1
2023,12,1967 2007,1
2023,12,20 2023,1
2023,12,200 women,1
2023,12,2022 the,1
2023,12,21 2023,1
2023,12,22 2023,1
2023,12,17 2023,1
2023,12,24 2023,1
2023,12,28 2023,1
2023,12,24 hours,1
2023,12,16 2023,1
2023,12,15 2023,1
2023,12,14 2023,1
2023,12,240 captives,1
2023,12,13 2023,1
2023,12,26 2023,1
2023,12,27 2023,1
2023,12,Dawaymeh he,1
2023,12,DeafMango December,1
2023,12,December 12,1
2023,12,Makan 33,1
2023,12,11 2023,1
2023,12,Israeli officials,1
2023,12,Israeli prisons,1
2023,12,Khalifa University,1
2023,12,Leah Whitson,1
2023,12,Lebanese state,1
2023,12,Lebanon he,1
2023,12,Mahmoud Basal,1
2023,12,Mariam Shahin,1
2023,12,Israeli attacks,1
2023,12,100 metres,1
2023,12,Milwaukee Wisconsin,1
2023,12,Ministry said,1
2023,12,New Hampshire,1
2023,12,North Africa,1
2023,12,Palestine activists,1
2023,12,Palestine in,1
2023,12,Palestinian authorities,1
2023,12,Israeli custody,1
2023,12,Israel jails,1
2023,12,December 6,1
2023,12,Friday on,1
2023,12,Director Mondoweiss,1
2023,12,12 2023,1
2023,12,Discrimination Committee,1
2023,12,Djibouti on,1
2023,12,and Sinwar,1
2023,12,European countries,1
2023,12,EylonALevy December,1
2023,12,FranceskAlbs December,1
2023,12,Gallup said,1
2023,12,International Peace,1
2023,12,Gaza Telhami,1
2023,12,Gaza hospitals,1
2023,12,Gaza war,1
2023,12,Graduate Studies,1
2023,12,Gunness told,1
2023,12,Health says,1
2023,12,Humanitarian Affairs,1
2023,12,ISIL ISIS,1
2023,12,Donald Cameron,1
2017,06,20 06,1
2023,12,and Spain,1
2023,12,recent history,1
2023,12,other she,1
2023,12,our suffering,1
2023,12,out raids,1
2023,12,overcrowded south,1
2023,12,past month,1
2023,12,patrol the,1
2023,12,people injured,1
2023,12,powerful members,1
2023,12,prospects for,1
2023,12,protect identity,1
2023,12,rebuild it,1
2023,12,recent years,1
2023,12,said Stratford,1
2023,12,refugees UNRWA,1
2023,12,regional actors,1
2023,12,regional conflict,1
2023,12,release of,1
2023,12,relentless bombardments,1
2023,12,responsibility to,1
2023,12,resumed since,1
2023,12,rights activist,1
2023,12,s attack,1
2023,12,s daughter,1
2023,12,s heads,1
2023,12,opponents he,1
2023,12,one party,1
2023,12,once again,1
2023,12,on anyone,1
2023,12,million people,1
2023,12,months in,1
2023,12,more time,1
2023,12,near collapse,1
2023,12,neutral ships,1
2023,12,news conference,1
2023,12,northern Gaza,1
2023,12,not afraid,1
2023,12,not happen,1
2023,12,not sustainable,1
2023,12,now he,1
2023,12,obligations to,1
2023,12,of Buckingham,1
2023,12,of Egypt,1
2023,12,of Gaza,1
2023,12,of Jerusalem,1
2023,12,of coffee,1
2023,12,of love,1
2023,12,of medicine,1
2023,12,of starvation,1
2023,12,of that,1
2023,12,officials said,1
2023,12,on Palestine,1
2023,12,safe zones,1
2023,12,said on,1
2023,12,and approvals,1
2023,12,their homes,1
2023,12,the collective,1
2023,12,the issue,1
2023,12,the military,1
2023,12,the proceedings,1
2023,12,the roads,1
2023,12,the sky,1
2023,12,the statement,1
2023,12,the table,1
2023,12,the time,1
2023,12,the wounded,1
2023,12,their culture,1
2023,12,their journey,1
2023,12,same time,1
2023,12,them back,1
2023,12,them through,1
2023,12,they bomb,1
2023,12,this area,1
2023,12,this truth,1
2023,12,this world,1
2023,12,to Gaza,1
2023,12,to Italy,1
2023,12,to account,1
2023,12,to attack,1
2023,12,to continue,1
2023,12,the call,1
2023,12,the UN,1
2023,12,the UK,1
2023,12,the ICC,1
2023,12,say goodbye,1
2023,12,scope of,1
2023,12,seeing now,1
2023,12,settlements in,1
2023,12,settler violence,1
2023,12,several months,1
2023,12,since October,1
2023,12,sought refuge,1
2023,12,southern Israel,1
2023,12,state media,1
2023,12,statehood he,1
2023,12,statement reads,1
2023,12,step in,1
2023,12,strategy in,1
2023,12,survive on,1
2023,12,suspend operations,1
2023,12,t one,1
2023,12,takes place,1
2023,12,talks to,1
2023,12,terrorist organisation,1
2023,12,than theirs,1
2023,12,than worried,1
2023,12,the CPJ,1
2023,12,military on,1
2023,12,military needs,1
2023,12,military courts,1
2023,12,capital Jerusalem,1
2023,12,become uninhabitable,1
2023,12,been detained,1
2023,12,been killed,1
2023,12,been released,1
2023,12,beginning from,1
2023,12,being civilians,1
2023,12,besieged enclave,1
2023,12,besieged territory,1
2023,12,bombing campaign,1
2023,12,by Iran,1
2023,12,by Palestinians,1
2023,12,chase his,1
2023,12,military campaign,1
2023,12,children need,1
2023,12,climate quitters,1
2023,12,conference on,1
2023,12,container traffic,1
2023,12,critical junction,1
2023,12,crossing with,1
2023,12,damage in,1
2023,12,dead civilians,1
2023,12,death toll,1
2023,12,decisions independently,1
2023,12,diplomats said,1
2023,12,beauty he,1
2023,12,be seen,1
2023,12,be killing,1
2023,12,be killed,1
2023,12,and blessing,1
2023,12,and capabilities,1
2023,12,and children,1
2023,12,and clarity,1
2023,12,and families,1
2023,12,and fighters,1
2023,12,and promote,1
2023,12,and sick,1
2023,12,and women,1
2023,12,any more,1
2023,12,apartheid regime,1
2023,12,are massive,1
2023,12,are pointless,1
2023,12,are somewhere,1
2023,12,are the,1
2023,12,artificial intelligence,1
2023,12,as possible,1
2023,12,as unprecedented,1
2023,12,as well,1
2023,12,at UNRWA,1
2023,12,at the,1
2023,12,backing Israel,1
2023,12,backward step,1
2023,12,direct presence,1
2023,12,displaced Palestinians,1
2023,12,early December,1
2023,12,here in,1
2023,12,him wept,1
2023,12,homes for,1
2023,12,hours alone,1
2023,12,humanitarian aid,1
2023,12,hunger risks,1
2023,12,immediate release,1
2023,12,in Beirut,1
2023,12,in warfare,1
2023,12,is brokered,1
2023,12,is fulfilled,1
2023,12,is heading,1
2023,12,is maths,1
2023,12,is needed,1
2023,12,is over,1
2023,12,its operations,1
2023,12,joining us,1
2023,12,last month,1
2023,12,last week,1
2023,12,main hospitals,1
2023,12,many months,1
2023,12,media post,1
2023,12,medical access,1
2023,12,military assistance,1
2023,12,him hugs,1
2023,12,healthcare facilities,1
2023,12,end of,1
2023,12,he told,1
2023,12,entire people,1
2023,12,even alive,1
2023,12,eventually land,1
2023,12,ever will,1
2023,12,fighting began,1
2023,12,first he,1
2023,12,following October,1
2023,12,for Palestinians,1
2023,12,for comment,1
2023,12,for cooking,1
2023,12,for success,1
2023,12,four civilians,1
2023,12,free to,1
2023,12,from Cairo,1
2023,12,from December,1
2023,12,future of,1
2023,12,gone too,1
2023,12,group added,1
2023,12,had skyrocketed,1
2023,12,halted immediately,1
2023,12,hate marches,1
2023,12,he remarked,1
2023,12,he says,1
2023,12,currency swap,1
2023,11,to Palestine,1
2023,12,1 100,1
2023,11,for Palestinian,1
2023,11,even emotions,1
2023,11,even worse,1
2023,11,ever reopen,1
2023,11,everyone in,1
2023,11,everywhere he,1
2023,11,families tomorrow,1
2023,11,family forward,1
2023,11,feeling it,1
2023,11,fighting began,1
2023,11,first step,1
2023,11,follow here,1
2023,11,for children,1
2023,11,escalation he,1
2023,11,for everyone,1
2023,11,for questioning,1
2023,11,for them,1
2023,11,force me,1
2023,11,forces against,1
2023,11,forces in,1
2023,11,foreign ministers,1
2023,11,foreseeable future,1
2023,11,found shelter,1
2023,11,free Palestine,1
2023,11,freed on,1
2023,11,even breathe,1
2023,11,end somehow,1
2023,12,000 others,1
2023,11,continue he,1
2023,11,children according,1
2023,11,citizens held,1
2023,11,civilian targets,1
2023,11,civilians killed,1
2023,11,claimed by,1
2023,11,click here,1
2023,11,colonial Israel,1
2023,11,colonial project,1
2023,11,combat zone,1
2023,11,communication specialist,1
2023,11,conflict recovery,1
2023,11,controversial issues,1
2023,11,economic crisis,1
2023,11,conviction Jackson,1
2023,11,cooking fuel,1
2023,11,crimes she,1
2023,11,current conflict,1
2023,11,current war,1
2023,11,day earlier,1
2023,11,defence system,1
2023,11,destroy Hamas,1
2023,11,developments here,1
2023,11,die because,1
2023,11,earlier on,1
2023,11,from Gaza,1
2023,11,from Hamas,1
2023,11,from fighting,1
2023,11,influence Daher,1
2023,11,in 2016,1
2023,11,in 2024,1
2023,11,in Beirut,1
2023,11,in October,1
2023,11,in advance,1
2023,11,in al,1
2023,11,in hand,1
2023,11,in law,1
2023,11,in northern,1
2023,11,in prison,1
2023,11,individuals safety,1
2023,11,inside al,1
2023,11,fuel shortage,1
2023,11,international forums,1
2023,11,international law,1
2023,11,into reality,1
2023,11,is dire,1
2023,11,is scarier,1
2023,11,is to,1
2023,11,is unbearable,1
2023,11,it added,1
2023,11,it said,1
2023,11,its members,1
2023,11,its responsibilities,1
2023,11,in 2006,1
2023,11,impossible situation,1
2023,11,image Bahgat,1
2023,11,humanity she,1
2023,11,future he,1
2023,11,future is,1
2023,11,gas ambitions,1
2023,11,given he,1
2023,11,go in,1
2023,11,government terminated,1
2023,11,grief forever,1
2023,11,ground offensive,1
2023,11,hand sanitisation,1
2023,11,has denied,1
2023,11,has opposed,1
2023,11,hate marches,1
2023,11,he added,1
2023,11,he told,1
2023,11,heart emoji,1
2023,11,hegemonic view,1
2023,11,him in,1
2023,11,his social,1
2023,11,his termination,1
2023,11,hospitals in,1
2023,11,humanitarian conditions,1
2023,11,humanitarian law,1
2023,11,humanitarian pauses,1
2023,11,channels she,1
2023,11,catastrophe in,1
2023,11,captured according,1
2023,11,absolutely lifesaving,1
2023,11,a mediator,1
2023,11,a month,1
2023,11,a resolution,1
2023,11,a statement,1
2023,11,a success,1
2023,11,a truce,1
2023,11,a vacuum,1
2023,11,a while,1
2023,11,a win,1
2023,11,about Israel,1
2023,11,about genocide,1
2023,11,achieving all,1
2023,11,and Palestine,1
2023,11,administrative detention,1
2023,11,aid agencies,1
2023,11,all civilians,1
2023,11,all frankly,1
2023,11,always apply,1
2023,11,an agenda,1
2023,11,an army,1
2023,11,an attack,1
2023,11,an invasion,1
2023,11,and 18,1
2023,11,and Analyses,1
2023,11,a deal,1
2023,11,a criminal,1
2023,11,a choice,1
2023,11,a bit,1
2023,11,Palestinian 3,1
2023,11,Palestinian authorities,1
2023,11,Palestinians in,1
2023,11,Party in,1
2023,11,Prabowo said,1
2023,11,RepRashida November,1
2023,11,Republican lawmakers,1
2023,11,Rights Watch,1
2023,11,SadiqKhan November,1
2023,11,Saly is,1
2023,11,Sarah Shamim,1
2023,11,Security Council,1
2023,11,September 2023,1
2023,11,Shifa did,1
2023,11,Singapore he,1
2023,11,States Dickinson,1
2023,11,Tamari told,1
2023,11,Telegram channel,1
2023,11,Tuesday night,1
2023,11,UN facilities,1
2023,11,United Kingdom,1
2023,11,Washington DC,1
2023,11,York Times,1
2023,11,and Israel,1
2023,11,and aspirations,1
2023,11,can say,1
2023,11,being targeted,1
2023,11,be covered,1
2023,11,be extended,1
2023,11,be genocide,1
2023,11,be him,1
2023,11,be it,1
2023,11,be sacked,1
2023,11,beating Hamas,1
2023,11,been injured,1
2023,11,been reported,1
2023,11,behind them,1
2023,11,being released,1
2023,11,bell about,1
2023,11,and bloodier,1
2023,11,better future,1
2023,11,between the,1
2023,11,big war,1
2023,11,bombing Gaza,1
2023,11,border crossing,1
2023,11,borders she,1
2023,11,both teams,1
2023,11,boyhood club,1
2023,11,by anyone,1
2023,11,called for,1
2023,11,camp cemetery,1
2023,11,az Zataar,1
2023,11,avoided altogether,1
2023,11,authorities said,1
2023,11,attacks in,1
2023,11,and churches,1
2023,11,and clarity,1
2023,11,and customs,1
2023,11,and despair,1
2023,11,and feel,1
2023,11,and hummus,1
2023,11,and medical,1
2023,11,and skateboarder,1
2023,11,another day,1
2023,11,any form,1
2023,11,apartheid conduct,1
2023,11,approved by,1
2023,11,are here,1
2023,11,are running,1
2023,11,army said,1
2023,11,as human,1
2023,11,as toothpaste,1
2023,11,as well,1
2023,11,assessment said,1
2023,11,assistance annually,1
2023,11,at hand,1
2023,11,at hospitals,1
2023,11,at us,1
2023,11,itself somehow,1
2023,11,kill them,1
2023,11,know them,1
2023,11,the interim,1
2023,11,the West,1
2023,11,the agenda,1
2023,11,the authorities,1
2023,11,the conflict,1
2023,11,the continuous,1
2023,11,the courtyard,1
2023,11,the crossing,1
2023,11,the enclave,1
2023,11,the end,1
2023,11,the graveyard,1
2023,11,the group,1
2023,11,the occupation,1
2023,11,these claims,1
2023,11,the peace,1
2023,11,the region,1
2023,11,their constituents,1
2023,11,their control,1
2023,11,their families,1
2023,11,their free,1
2023,11,their hands,1
2023,11,their identity,1
2023,11,their land,1
2023,11,their safety,1
2023,11,their wallets,1
2023,11,the Palestinians,1
2023,11,that role,1
2023,11,that line,1
2023,11,that happens,1
2023,11,she said,1
2023,11,simply not,1
2023,11,since 2006,1
2023,11,since 2018,1
2023,11,single conflict,1
2023,11,situation in,1
2023,11,six weeks,1
2023,11,skin instead,1
2023,11,snapshot of,1
2023,11,southern Gaza,1
2023,11,spokesperson added,1
2023,11,state of,1
2023,11,suffering through,1
2023,11,sympathetic to,1
2023,11,take place,1
2023,11,take time,1
2023,11,taken refuge,1
2023,11,tank shells,1
2023,11,teams there,1
2023,11,terrorist activities,1
2023,11,tested again,1
2023,11,than before,1
2023,11,that changing,1
2023,11,them civilians,1
2023,11,they do,1
2023,11,shameful position,1
2023,11,will stay,1
2023,11,violence he,1
2023,11,viral on,1
2023,11,vis Iran,1
2023,11,wafts everywhere,1
2023,11,war against,1
2023,11,war began,1
2023,11,water in,1
2023,11,were unsuccessful,1
2023,11,what to,1
2023,11,will live,1
2023,11,will not,1
2023,11,will stop,1
2023,11,this carnage,1
2023,11,with Egypt,1
2023,11,with Starlink,1
2023,11,with guns,1
2023,11,with it,1
2023,11,with them,1
2023,11,without exception,1
2023,11,women in,1
2023,11,world said,1
2023,11,wounded Palestinians,1
2023,11,you are,1
2023,12,00 GMT,1
2023,11,via Egypt,1
2023,11,very dangerous,1
2023,11,very bad,1
2023,11,up unproven,1
2023,11,this differently,1
2023,11,this hell,1
2023,11,this long,1
2023,11,this the,1
2023,11,to Hamas,1
2023,11,to Israel,1
2023,11,to OCHA,1
2023,12,to happen,1
2023,11,to Palestinian,1
2023,11,to Save,1
2023,11,to attend,1
2023,11,to die,1
2023,11,to do,1
2023,11,to home,1
2023,11,to northern,1
2023,11,to survive,1
2023,11,too soon,1
2023,11,treat casualties,1
2023,11,truce came,1
2023,11,trying times,1
2023,11,two of,1
2023,11,under control,1
2023,11,unfolding genocide,1
2023,11,she added,1
2023,11,severely overcrowded,1
2023,11,last fool,1
2023,11,of bread,1
2023,11,not Israelis,1
2023,11,not a,1
2023,11,not alone,1
2023,11,not productive,1
2023,11,not tolerable,1
2023,11,occupy the,1
2023,11,of Gaza,1
2023,11,of Human,1
2023,11,of South,1
2023,11,of War,1
2023,11,of al,1
2023,11,of civilians,1
2023,11,on Israel,1
2023,11,of fire,1
2023,11,of genocide,1
2023,11,of law,1
2023,11,of life,1
2023,11,of reason,1
2023,11,of reasonableness,1
2023,11,of terrorism,1
2023,11,of that,1
2023,11,of the,1
2023,11,office said,1
2023,11,on Friday,1
2023,11,northern Gaza,1
2023,11,no support,1
2023,11,no return,1
2023,11,no response,1
2023,11,last month,1
2023,11,like the,1
2023,11,like this,1
2023,11,live together,1
2023,11,lives here,1
2023,11,low levels,1
2023,11,may be,1
2023,11,memory I,1
2023,11,men cried,1
2023,11,midnight on,1
2023,11,million people,1
2023,11,ministry in,1
2023,11,more in,1
2023,11,more people,1
2023,11,more torture,1
2023,11,mostly in,1
2023,11,must stop,1
2023,11,my life,1
2023,11,needing healthcare,1
2023,11,new ties,1
2023,11,news of,1
2023,11,no humanity,1
2023,11,no longer,1
2023,11,on Gaza,1
2023,11,on October,1
2023,11,self defence,1
2023,11,resumption of,1
2023,11,political tensions,1
2023,11,posted on,1
2023,11,posts in,1
2023,11,potential flooding,1
2023,11,press conference,1
2023,11,rages on,1
2023,11,recent days,1
2023,11,regional conflagration,1
2023,11,released on,1
2023,11,relentless bombardment,1
2023,11,reported missing,1
2023,11,right now,1
2023,11,on Saturday,1
2023,11,rights violation,1
2023,11,role in,1
2023,11,root causes,1
2023,11,said Barghouti,1
2023,11,said Enough,1
2023,11,said Tomorrow,1
2023,11,said on,1
2023,11,satisfying compromise,1
2023,11,say no,1
2023,11,says Alterman,1
2023,11,seeking refuge,1
2023,11,political ends,1
2023,11,point analysis,1
2023,11,playing there,1
2023,11,peoples identities,1
2023,11,on X,1
2023,11,on board,1
2023,11,on the,1
2023,11,on this,1
2023,11,one before,1
2023,11,one nation,1
2023,11,ones he,1
2023,11,or another,1
2023,11,or charge,1
2023,11,or later,1
2023,11,organisation said,1
2023,11,other children,1
2023,11,our democracy,1
2023,11,our families,1
2023,11,our goals,1
2023,11,our principles,1
2023,11,our rights,1
2023,11,out Starkly,1
2023,11,out the,1
2023,11,over migration,1
2023,11,own interests,1
2023,11,people he,1
2023,11,people of,1
2023,12,to evacuate,1
2024,01,6 2024,1
2023,12,to resign,1
2024,03,been displaced,1
2024,03,Tamari told,1
2024,03,United States,1
2024,03,Walla reported,1
2024,03,Washington DC,1
2024,03,WhiteHouse March,1
2024,03,Will End,1
2024,03,York Times,1
2024,03,a minute,1
2024,03,a whole,1
2024,03,according to,1
2024,03,actually pivot,1
2024,03,aid organisations,1
2024,03,and France,1
2024,03,and Freedom,1
2024,03,and clarity,1
2024,03,and horticulture,1
2024,03,and peace,1
2024,03,and starvation,1
2024,03,anytime soon,1
2024,03,are sheltering,1
2024,03,armed group,1
2024,03,as captives,1
2024,03,assessment warned,1
2024,03,be consequences,1
2024,03,be released,1
2024,03,Southern Africa,1
2024,03,Slobodan Milosevic,1
2024,03,Saree said,1
2024,03,Mahmoud reported,1
2024,03,Hamas in,1
2024,03,Israeli authorities,1
2024,03,Israeli jails,1
2024,03,Israeli settlements,1
2024,03,Israeli state,1
2024,03,Israeli territory,1
2024,03,IsraeliPM March,1
2024,03,Jameel Hodzic,1
2024,03,Jim Risch,1
2024,03,Legislative Council,1
2024,03,Local Call,1
2024,03,Mason University,1
2024,03,Refugees UNRWA,1
2024,03,Matar told,1
2024,03,National Initiative,1
2024,03,Netzah Yehuda,1
2024,03,Palestinian Territory,1
2024,03,Palestinian liberation,1
2024,03,Palestinian state,1
2024,03,Palestinian territory,1
2024,03,Palestinians out,1
2024,03,Patel told,1
2024,03,Ramadan approaches,1
2024,03,Ramallah in,1
2024,03,be unforgivable,1
2024,03,been fruitless,1
2024,03,medicine water,1
2024,03,been obliterated,1
2024,03,foreign policy,1
2024,03,from hunger,1
2024,03,from reprisal,1
2024,03,from us,1
2024,03,front lines,1
2024,03,harm Al,1
2024,03,he asked,1
2024,03,he told,1
2024,03,health authorities,1
2024,03,held captive,1
2024,03,in 1948,1
2024,03,in Brussels,1
2024,03,in February,1
2024,03,in October,1
2024,03,interests Wang,1
2024,03,international aid,1
2024,03,international front,1
2024,03,it received,1
2024,03,its borders,1
2024,03,its roof,1
2024,03,jail time,1
2024,03,largely negative,1
2024,03,mahmoud _,1
2024,03,manufacturing components,1
2024,03,many years,1
2024,03,for talks,1
2024,03,for Palestinians,1
2024,03,eyes of,1
2024,03,could intensify,1
2024,03,been received,1
2024,03,been wounded,1
2024,03,before October,1
2024,03,before the,1
2024,03,besieged enclave,1
2024,03,blocking of,1
2024,03,can change,1
2024,03,centre said,1
2024,03,citizenship the,1
2024,03,closed cyberspace,1
2024,03,conflict resolution,1
2024,03,crushed he,1
2024,03,enter soon,1
2024,03,dehumanising Palestinians,1
2024,03,delivering assistance,1
2024,03,demand growth,1
2024,03,der Leyen,1
2024,03,deter him,1
2024,03,did something,1
2024,03,difference he,1
2024,03,doing there,1
2024,03,each other,1
2024,03,emergency aid,1
2024,03,enough fuel,1
2024,03,Gaza City,1
2024,03,February 4,1
2024,03,European Union,1
2024,03,Democratic base,1
2024,02,s war,1
2024,02,same period,1
2024,02,same time,1
2024,02,says We,1
2024,02,security of,1
2024,02,shipping traffic,1
2024,02,source said,1
2024,02,southern Israel,1
2024,02,sovereign Palestine,1
2024,02,sovereign state,1
2024,02,standing internationally,1
2024,02,struggling economy,1
2024,02,stuck to,1
2024,02,such way,1
2024,02,t forget,1
2024,02,taking shelter,1
2024,02,tax benefits,1
2024,02,the Palestinians,1
2024,02,the White,1
2024,02,the attacks,1
2024,02,the oppressors,1
2024,02,the population,1
2024,02,the region,1
2024,02,the three,1
2024,02,the world,1
2024,02,s lives,1
2024,02,s houses,1
2024,02,s funding,1
2024,02,presumed dead,1
2024,02,our economy,1
2024,02,our neighbours,1
2024,02,our votes,1
2024,02,past years,1
2024,02,person war,1
2024,02,physical disability,1
2024,02,physical violence,1
2024,02,place in,1
2024,02,political protest,1
2024,02,possibly death,1
2024,02,presidential elections,1
2024,02,programmes in,1
2024,02,s enough,1
2024,02,protect anonymity,1
2024,02,protect civilians,1
2024,02,protracted war,1
2024,02,regional escalation,1
2024,02,remain functional,1
2024,02,representative said,1
2024,02,resistance in,1
2024,02,resistance leaders,1
2024,02,respective countries,1
2024,02,retaliatory military,1
2024,02,rolls on,1
2024,02,think tank,1
2024,02,this article,1
2024,02,this day,1
2024,03,3 million,1
2024,03,18 2024,1
2024,03,19 2024,1
2024,03,2 2024,1
2024,03,22 2024,1
2024,03,23 2024,1
2024,03,24 2024,1
2024,03,25 2024,1
2024,03,26 2024,1
2024,03,27 2024,1
2024,03,28 2024,1
2024,03,29 2024,1
2024,03,30 2024,1
2024,03,16 2024,1
2024,03,31 2024,1
2024,03,5 2024,1
2024,03,6 2024,1
2024,03,7 2024,1
2024,03,9 2024,1
2024,03,Adamit kibbutz,1
2024,03,Agency reported,1
2024,03,Balah Gaza,1
2024,03,Becker says,1
2024,03,Capitol Building,1
2024,03,Court itself,1
2024,03,17 2024,1
2024,03,14 2024,1
2024,02,this year,1
2024,02,truce talks,1
2024,02,throughout the,1
2024,02,time dwindles,1
2024,02,to account,1
2024,02,to anyone,1
2024,02,to come,1
2024,02,to international,1
2024,02,told Reuters,1
2024,02,told reporters,1
2024,02,total ceasefire,1
2024,02,towards starvation,1
2024,02,truce in,1
2024,02,ultimate goal,1
2024,03,11 2024,1
2024,02,unprecedented globally,1
2024,02,up comedian,1
2024,02,us apart,1
2024,02,victory approach,1
2024,02,with Egab,1
2024,02,with Hamas,1
2024,02,with the,1
2024,02,wordless he,1
2024,03,1 139,1
2024,03,1 2024,1
2024,03,10 2024,1
2024,03,means roots,1
2024,03,millions wait,1
2024,02,operations there,1
2024,04,is doing,1
2024,04,during apartheid,1
2024,04,early elections,1
2024,04,essential services,1
2024,04,feels like,1
2024,04,for Eid,1
2024,04,for burial,1
2024,04,for comment,1
2024,04,foresee that,1
2024,04,from reprisals,1
2024,04,from today,1
2024,04,happen again,1
2024,04,having orchestrated,1
2024,04,he added,1
2024,04,he told,1
2024,04,humanitarian aid,1
2024,04,if necessary,1
2024,04,in 2022,1
2024,04,in February,1
2024,04,in London,1
2024,04,in November,1
2024,04,in Rafah,1
2024,04,in Syria,1
2024,04,including Ukraine,1
2024,04,including nuclear,1
2024,04,international law,1
2024,04,displaced people,1
2024,04,discourse altogether,1
2024,04,delegation to,1
2024,04,and Hezbollah,1
2024,04,Soufan Group,1
2024,04,Strip since,1
2024,04,United States,1
2024,04,WCKitchen April,1
2024,04,Washington DC,1
2024,04,a state,1
2024,04,abuse of,1
2024,04,achieve justice,1
2024,04,acts of,1
2024,04,advisory group,1
2024,04,against Iran,1
2024,04,and MI,1
2024,04,defend itself,1
2024,04,and Palestinians,1
2024,04,and clarity,1
2024,04,and loss,1
2024,04,and the,1
2024,04,as sin,1
2024,04,been released,1
2024,04,both leaders,1
2024,04,by car,1
2024,04,by it,1
2024,04,coverage here,1
2024,04,criminalised she,1
2024,04,irreconcilable conditions,1
2024,04,it said,1
2024,03,ministry said,1
2024,04,it would,1
2024,04,state television,1
2024,04,states recognise,1
2024,04,step Hashem,1
2024,04,take action,1
2024,04,temporary schools,1
2024,04,the area,1
2024,04,the care,1
2024,04,the conflict,1
2024,04,the crackdowns,1
2024,04,the event,1
2024,04,the humanitarian,1
2024,04,the price,1
2024,04,the region,1
2024,04,they are,1
2024,04,to stop,1
2024,04,told reporters,1
2024,04,too late,1
2024,04,violate it,1
2024,04,was imminent,1
2024,04,was triggered,1
2024,04,weaponizing food,1
2024,04,which countries,1
2024,04,widespread famine,1
2024,04,within the,1
2024,04,work in,1
2024,04,starving populations,1
2024,04,spark will,1
2024,04,since 2008,1
2024,04,occupied territories,1
2024,04,last year,1
2024,04,legal step,1
2024,04,lose one,1
2024,04,media posts,1
2024,04,missile arsenal,1
2024,04,multiple journalists,1
2024,04,my relatives,1
2024,04,never implemented,1
2024,04,news website,1
2024,04,northwest side,1
2024,04,now closed,1
2024,04,of Palestine,1
2024,04,selling weapons,1
2024,04,official said,1
2024,04,on Kharkiv,1
2024,04,ongoing war,1
2024,04,or shadowbanned,1
2024,04,overwhelming majority,1
2024,04,peace negotiator,1
2024,04,placate protesters,1
2024,04,poll found,1
2024,04,posted on,1
2024,04,s request,1
2024,04,said Lynch,1
2024,04,Rights Watch,1
2024,04,Resistance hardliners,1
2024,04,Rafah now,1
2024,04,Palestinian authorities,1
2024,03,security the,1
2024,03,several days,1
2024,03,she said,1
2024,03,silence dissent,1
2024,03,since 1967,1
2024,03,since 1988,1
2024,03,situation worsens,1
2024,03,starving Palestinians,1
2024,03,stepped down,1
2024,03,such policies,1
2024,03,supplied weapons,1
2024,03,take years,1
2024,03,technical issues,1
2024,03,tectonic plates,1
2024,03,temporary pause,1
2024,03,the CPJ,1
2024,03,the aid,1
2024,03,the children,1
2024,03,the corner,1
2024,03,the cycle,1
2024,03,the enclave,1
2024,03,the group,1
2024,03,the operation,1
2024,03,the population,1
2024,03,the region,1
2024,03,says Roth,1
2024,03,s safe,1
2024,03,s position,1
2024,03,on Sunday,1
2024,03,mistake she,1
2024,03,more international,1
2024,03,not one,1
2024,03,nuclear weapon,1
2024,03,of Health,1
2024,03,of conscience,1
2024,03,of danger,1
2024,03,oil spills,1
2024,03,on Friday,1
2024,03,on Gaza,1
2024,03,on Saturday,1
2024,03,on Thursday,1
2024,03,s behaviour,1
2024,03,our ambulance,1
2024,03,our children,1
2024,03,point is,1
2024,03,political analyst,1
2024,03,political power,1
2024,03,possible he,1
2024,03,potential combatants,1
2024,03,power tomorrow,1
2024,03,preliminary investigations,1
2024,03,pressure change,1
2024,03,researchers said,1
2024,03,the strip,1
2024,03,the water,1
2024,03,their fast,1
2024,04,Gaza stops,1
2024,04,2 2024,1
2024,04,31 2024,1
2024,04,6 2024,1
2024,04,7 2024,1
2024,04,9 2024,1
2024,04,Al Jazeera,1
2024,04,Canadian citizen,1
2024,04,Donald Cameron,1
2024,04,Elections Committee,1
2024,04,Elgindy says,1
2024,04,Gaza live,1
2024,04,Health in,1
2024,04,16 2024,1
2024,04,Hellyer said,1
2024,04,Iranian aggression,1
2024,04,Iranian attack,1
2024,04,Israeli restaurants,1
2024,04,Italian diplomat,1
2024,04,Lemapal April,1
2024,04,Likud Party,1
2024,04,Mitchell told,1
2024,04,Mobilisation Forces,1
2024,04,Netanyahu out,1
2024,04,No bombs,1
2024,04,17 2024,1
2024,04,15 2024,1
2024,03,their homeland,1
2024,03,to shipping,1
2024,03,these Palestinian,1
2024,03,they do,1
2024,03,this article,1
2024,03,this year,1
2024,03,thoroughly investigated,1
2024,03,through Nebenzya,1
2024,03,to Al,1
2024,03,to Gorgianeh,1
2024,03,to applause,1
2024,03,to flourish,1
2024,03,to peace,1
2024,03,to suffer,1
2024,04,11 2024,1
2024,03,to survive,1
2024,03,two sides,1
2024,03,unlawfulness he,1
2024,03,war began,1
2024,03,war persists,1
2024,03,was denied,1
2024,03,wider Middle,1
2024,03,without him,1
2024,03,without it,1
2024,03,year old,1
2024,03,you love,1
2024,02,or not,1
2024,02,on Houthi,1
2023,12,to return,1
2024,01,have suggested,1
2024,01,devastating al,1
2024,01,difficult she,1
2024,01,dollar business,1
2024,01,down Hamas,1
2024,01,duration of,1
2024,01,end Hassan,1
2024,01,end arms,1
2024,01,enforce it,1
2024,01,enforce the,1
2024,01,entirely misconceived,1
2024,01,even further,1
2024,01,every day,1
2024,01,facing read,1
2024,01,for Palestinians,1
2024,01,for Wednesday,1
2024,01,for evacuees,1
2024,01,for the,1
2024,01,from Washington,1
2024,01,from famine,1
2024,01,from jails,1
2024,01,full brigades,1
2024,01,further notice,1
2024,01,futility they,1
2024,01,genocide studies,1
2024,01,has said,1
2024,01,crimes in,1
2024,01,coming days,1
2024,01,collective punishment,1
2024,01,become permanent,1
2024,01,and journalist,1
2024,01,and security,1
2024,01,and the,1
2024,01,any news,1
2024,01,are signatories,1
2024,01,as well,1
2024,01,assault on,1
2024,01,back into,1
2024,01,be brought,1
2024,01,be forgotten,1
2024,01,be rebuilt,1
2024,01,being destroyed,1
2024,01,clinical psychologist,1
2024,01,better future,1
2024,01,beyond Balochistan,1
2024,01,broke out,1
2024,01,by Hamas,1
2024,01,by Qatar,1
2024,01,called for,1
2024,01,captives lives,1
2024,01,captives released,1
2024,01,cheaper Russian,1
2024,01,chief asserted,1
2024,01,civilian infrastructure,1
2024,01,have died,1
2024,01,he says,1
2024,01,political approval,1
2024,01,her child,1
2024,01,military operation,1
2024,01,minister added,1
2024,01,monitor the,1
2024,01,months ago,1
2024,01,motivate our,1
2024,01,much earlier,1
2024,01,near impossibility,1
2024,01,no idea,1
2024,01,no results,1
2024,01,not abide,1
2024,01,not hesitate,1
2024,01,ochaopt January,1
2024,01,of Israel,1
2024,01,of Palestine,1
2024,01,of sadness,1
2024,01,of us,1
2024,01,on us,1
2024,01,other way,1
2024,01,our eyes,1
2024,01,out war,1
2024,01,over regionally,1
2024,01,patrolled border,1
2024,01,permanent ceasefire,1
2024,01,physical abuse,1
2024,01,place in,1
2024,01,military campaign,1
2024,01,mess with,1
2024,01,marched too,1
2024,01,is no,1
2024,01,hope she,1
2024,01,hostages he,1
2024,01,hostile coexistence,1
2024,01,hours later,1
2024,01,human beings,1
2024,01,humanitarian crimes,1
2024,01,hungry he,1
2024,01,in December,1
2024,01,in Gaza,1
2024,01,in Washington,1
2024,01,international law,1
2024,01,is right,1
2024,01,live Gaza,1
2024,01,is served,1
2024,01,it official,1
2024,01,it said,1
2024,01,its allies,1
2024,01,its cause,1
2024,01,its contradictions,1
2024,01,its execution,1
2024,01,its jurisdiction,1
2024,01,journalists by,1
2024,01,just accept,1
2024,01,last night,1
2024,01,and intimidation,1
2024,01,and dignity,1
2024,01,and clarity,1
2024,01,and author,1
2024,01,17 2024,1
2024,01,18 2024,1
2024,01,19 2024,1
2024,01,20 2024,1
2024,01,21 2024,1
2024,01,22 000,1
2024,01,22 2024,1
2024,01,23 2024,1
2024,01,24 2024,1
2024,01,24 7,1
2024,01,27 2024,1
2024,01,28 2024,1
2024,01,29 2024,1
2024,01,30 2023,1
2024,01,30 2024,1
2024,01,31 2024,1
2023,11,Ofer family,1
2024,01,7 2024,1
2024,01,8 2024,1
2024,01,Abbott said,1
2024,01,Accountability Project,1
2024,01,ActionAid Palestine,1
2024,01,Africa instead,1
2024,01,Ahmed Hamoud,1
2024,01,Al Jazeera,1
2024,01,16 2024,1
2024,01,15 2024,1
2024,01,140 people,1
2023,12,war he,1
2023,12,to ruins,1
2023,12,to ships,1
2023,12,to stop,1
2023,12,told AFP,1
2023,12,told Reuters,1
2023,12,towards Israel,1
2023,12,truce deal,1
2023,12,under rubble,1
2023,12,upcoming days,1
2023,12,very soon,1
2023,12,veto it,1
2023,12,wares online,1
2024,01,139 people,1
2023,12,was ended,1
2023,12,were dead,1
2023,12,wholesale massacre,1
2023,12,with it,1
2023,12,world order,1
2023,12,your crimes,1
2024,01,000 people,1
2024,01,10 2024,1
2024,01,11 2024,1
2024,01,12 2024,1
2024,01,13 2024,1
2024,01,American businessman,1
2024,01,American cities,1
2024,01,Azaiza photojournalist,1
2024,01,United States,1
2024,01,Palestinian territory,1
2024,01,Paul said,1
2024,01,Protect Journalists,1
2024,01,Punishment of,1
2024,01,Rohingya community,1
2024,01,Saudi Arabia,1
2024,01,Strategic Study,1
2024,01,Studies Institute,1
2024,01,UN says,1
2024,01,United Kingdom,1
2024,01,United Nations,1
2024,01,Zaim University,1
2024,01,Palestinian civilians,1
2024,01,about the,1
2024,01,advocacy group,1
2024,01,after the,1
2024,01,against them,1
2024,01,aid he,1
2024,01,among Palestinians,1
2024,01,an election,1
2024,01,and Europe,1
2024,01,and Gaza,1
2024,01,and Israel,1
2024,01,and Palestinian,1
2024,01,Palestinian sovereignty,1
2024,01,Palestinian authorities,1
2024,01,Chatham House,1
2024,01,Israel Mekelberg,1
2024,01,Clarke said,1
2024,01,Criminal Court,1
2024,01,EU diplomat,1
2024,01,Eid said,1
2024,01,European politics,1
2024,01,French citizenship,1
2024,01,GerAmbTLV January,1
2024,01,Home Now,1
2024,01,House policy,1
2024,01,ISIL ISIS,1
2024,01,InstituteGC January,1
2024,01,Israel accountable,1
2024,01,October 7,1
2024,01,Israeli air,1
2024,01,Israeli attacks,1
2024,01,Israeli government,1
2024,01,January 29,1
2024,01,Khalil said,1
2024,01,Kollupitiya neighbourhood,1
2024,01,Kosovo without,1
2024,01,Masirah channel,1
2024,01,Netanyahu government,1
2024,01,New Year,1
2024,01,Obeid said,1
2024,01,planning system,1
2024,01,practical pathway,1
2024,02,office of,1
2024,02,events cancelled,1
2024,02,and securely,1
2024,02,and women,1
2024,02,appealed by,1
2024,02,are sheltering,1
2024,02,are today,1
2024,02,authorities in,1
2024,02,be catastrophic,1
2024,02,be evacuated,1
2024,02,be killed,1
2024,02,between targets,1
2024,02,box in,1
2024,02,by Israel,1
2024,02,campaign Halkett,1
2024,02,careful consideration,1
2024,02,cause us,1
2024,02,civilian areas,1
2024,02,cruise missiles,1
2024,02,daily basis,1
2024,02,day workweek,1
2024,02,days later,1
2024,02,deliver mental,1
2024,02,desperate crowds,1
2024,02,die here,1
2024,02,distant dream,1
2024,02,escalation started,1
2024,02,and justice,1
2024,02,and journalist,1
2024,02,and embargoes,1
2024,02,Washington DC,1
2024,02,Palestine_UN February,1
2024,02,Palestinian conflict,1
2024,02,Palestinian enclave,1
2024,02,Palestinian protesters,1
2024,02,Palestinian question,1
2024,02,Palestinian rights,1
2024,02,Palestinians in,1
2024,02,Palestinians out,1
2024,02,Refugee System,1
2024,02,State of,1
2024,02,US forces,1
2024,02,West Bank,1
2024,02,and disgraceful,1
2024,02,Younis southern,1
2024,02,a reality,1
2024,02,about deeply,1
2024,02,across the,1
2024,02,against it,1
2024,02,agricultural lands,1
2024,02,aid agencies,1
2024,02,all costs,1
2024,02,an opinion,1
2024,02,and Globalization,1
2024,02,and destroyed,1
2024,02,evacuate to,1
2024,02,fighters since,1
2024,01,present course,1
2024,02,for HuffPost,1
2024,02,is legitimate,1
2024,02,is over,1
2024,02,is unprecedented,1
2024,02,its population,1
2024,02,itself out,1
2024,02,kitchen Ahmed,1
2024,02,last month,1
2024,02,lasting peace,1
2024,02,maintain breath,1
2024,02,major companies,1
2024,02,mobile hospital,1
2024,02,need a,1
2024,02,negotiated settlement,1
2024,02,no exit,1
2024,02,not intentional,1
2024,02,of Bath,1
2024,02,of February,1
2024,02,of Justice,1
2024,02,of London,1
2024,02,of Palestine,1
2024,02,of Palestinians,1
2024,02,of famine,1
2024,02,of retribution,1
2024,02,of them,1
2024,02,offensive there,1
2024,02,is imperative,1
2024,02,invasion there,1
2024,02,into ruins,1
2024,02,green light,1
2024,02,for war,1
2024,02,forcibly displaced,1
2024,02,foreign affairs,1
2024,02,freed the,1
2024,02,from the,1
2024,02,further south,1
2024,02,future security,1
2024,02,gathering in,1
2024,02,genocidal maniac,1
2024,02,genocide convention,1
2024,02,global terrorists,1
2024,02,handed Challands,1
2024,02,into crowds,1
2024,02,he told,1
2024,02,home soon,1
2024,02,in January,1
2024,02,in Qatar,1
2024,02,incursion into,1
2024,02,independent capacity,1
2024,02,innocent anger,1
2024,02,intelligence agency,1
2024,02,intended targets,1
2024,02,international agreements,1
2024,02,international condemnation,1
2024,02,October 7,1
2024,02,November 24,1
2024,02,Nicolai said,1
2024,02,Ndumiso Ntshinga,1
2024,01,tensions within,1
2024,01,than death,1
2024,01,the Republic,1
2024,01,the UAE,1
2024,01,the agenda,1
2024,01,the attack,1
2024,01,the day,1
2024,01,the rubble,1
2024,01,the seizure,1
2024,01,the statement,1
2024,01,the two,1
2024,01,the waterway,1
2024,01,they are,1
2024,01,things Tahrir,1
2024,01,this year,1
2024,01,those meetings,1
2024,01,to Asia,1
2024,01,to Brisbane,1
2024,01,to civilians,1
2024,01,to resign,1
2024,01,to the,1
2024,01,towards the,1
2024,01,turnouts yet,1
2024,01,virtually nothing,1
2024,01,war population,1
2024,01,takes she,1
2024,01,student cell,1
2024,01,state itself,1
2024,01,said Mahmoud,1
2024,01,president said,1
2024,01,projectiles down,1
2024,01,refugee camp,1
2024,01,regional conflagration,1
2024,01,reoccupy Gaza,1
2024,01,represent us,1
2024,01,result of,1
2024,01,right now,1
2024,01,s future,1
2024,01,said Fuld,1
2024,01,said Ibrahim,1
2024,01,said on,1
2024,01,staffer at,1
2024,01,same refugee,1
2024,01,says sadly,1
2024,01,scale escalation,1
2024,01,serious escalation,1
2024,01,settlers since,1
2024,01,she added,1
2024,01,since 2014,1
2024,01,situation continues,1
2024,01,solution he,1
2024,01,some gains,1
2024,01,soon he,1
2024,01,war zones,1
2024,01,what assets,1
2024,01,with Damascus,1
2024,02,I wished,1
2024,02,Chatham House,1
2024,02,Criminal Court,1
2024,02,Detainees Affairs,1
2024,02,East Jerusalem,1
2024,02,Fatima lamented,1
2024,02,Federal Police,1
2024,02,Gaza reported,1
2024,02,Global Affairs,1
2024,02,Hamas he,1
2024,02,Hashem Al,1
2024,02,Health Ministry,1
2024,02,Israel they,1
2024,02,Arab Seas,1
2024,02,Israel this,1
2024,02,Israeli campaign,1
2024,02,Israeli civilians,1
2024,02,Israeli officials,1
2024,02,Israeli state,1
2024,02,Israeli tallies,1
2024,02,Jordan attack,1
2024,02,Khalifa University,1
2024,02,Medical Association,1
2024,02,Mistaclim February,1
2024,02,Mohammad concludes,1
2024,02,CENTCOM February,1
2024,02,Alejandro Mayorkas,1
2024,01,years ago,1
2024,02,23 2024,1
2024,02,1 139,1
2024,02,1 2024,1
2024,02,12 2024,1
2024,02,139 people,1
2024,02,14 2024,1
2024,02,15 2024,1
2024,02,18 2024,1
2024,02,19 2024,1
2024,02,2 2024,1
2024,02,20 2024,1
2024,02,22 2024,1
2024,02,24 2024,1
2024,02,Albanese said,1
2024,02,24 hours,1
2024,02,240 captive,1
2024,02,25 2024,1
2024,02,26 2024,1
2024,02,27 2024,1
2024,02,28 2024,1
2024,02,3 2024,1
2024,02,4 2024,1
2024,02,5 2024,1
2024,02,6 2024,1
2024,02,African Studies,1
2023,11,PA Hamayel,1
2023,11,8 2023,1
2023,11,October 7,1
2022,08,Kaplan told,1
2022,07,killing Palestinians,1
2022,07,last year,1
2022,07,new evidence,1
2022,07,or trial,1
2022,07,progressive candidates,1
2022,07,said after,1
2022,07,same period,1
2022,07,some sort,1
2022,07,the above,1
2022,07,the case,1
2022,07,the moment,1
2022,07,the process,1
2022,07,the pump,1
2022,07,the water,1
2022,07,their leadership,1
2022,07,these days,1
2022,07,to Palestinians,1
2022,07,with impunity,1
2022,08,4QOZtXbq2Y Al,1
2022,08,6 2022,1
2022,08,Bank side,1
2022,08,Capitol Hill,1
2022,08,Gaza Strip,1
2022,08,Hamada 18,1
2022,08,Israel in,1
2022,07,is right,1
2022,07,international law,1
2022,07,in November,1
2022,06,three Jahshan,1
2022,06,moving forward,1
2022,06,nautical miles,1
2022,06,of power,1
2022,06,rights movement,1
2022,06,since March,1
2022,06,situation due,1
2022,06,such attacks,1
2022,06,supporting the,1
2022,06,take place,1
2022,06,the Ministry,1
2022,06,the occupation,1
2022,07,AgnesCallamard July,1
2022,07,heated Samara,1
2022,07,Bank in,1
2022,07,Mr Antony,1
2022,07,Party boat,1
2022,07,allowed in,1
2022,07,around Shireen,1
2022,07,by Palestinians,1
2022,07,dead at,1
2022,07,defence said,1
2022,07,exhilarate Joe,1
2022,07,explained Freer,1
2022,07,forces she,1
2022,08,Israeli diplomat,1
2022,08,Zionist cities,1
2022,04,since 2016,1
2022,08,a civilian,1
2022,08,s human,1
2022,08,said Ahmad,1
2022,08,second Intifada,1
2022,08,service said,1
2022,08,she told,1
2022,08,six organisations,1
2022,08,the country,1
2022,08,the enclave,1
2022,08,the hunger,1
2022,08,their efforts,1
2022,08,their justice,1
2022,08,to die,1
2022,08,to you,1
2022,08,told Al,1
2022,08,with Palestinians,1
2022,08,word justice,1
2022,09,15 years,1
2022,09,Amnesty said,1
2022,09,Bank on,1
2022,09,Israeli settlers,1
2022,09,Israeli soldier,1
2022,09,Jenin region,1
2022,09,Munich administration,1
2022,09,New Year,1
2022,09,PIJ s,1
2022,08,s health,1
2022,08,report from,1
2022,08,recent solitary,1
2022,08,for Gaza,1
2022,08,about the,1
2022,08,across the,1
2022,08,aid annually,1
2022,08,air prison,1
2022,08,and Development,1
2022,08,and Facebook,1
2022,08,and away,1
2022,08,and journalist,1
2022,08,been reported,1
2022,08,concessions he,1
2022,08,endure more,1
2022,08,for it,1
2022,08,policy change,1
2022,08,in 2022,1
2022,08,in Israel,1
2022,08,in Jenin,1
2022,08,in September,1
2022,08,inclusive national,1
2022,08,news agency,1
2022,08,not responsible,1
2022,08,of ending,1
2022,08,of force,1
2022,08,of support,1
2022,08,people of,1
2022,06,million Palestinians,1
2022,06,international condemnation,1
2022,06,in July,1
2022,06,horrifying things,1
2022,05,Washington DC,1
2022,05,a Sous,1
2022,05,actions in,1
2022,05,after death,1
2022,05,all unjust,1
2022,05,and Sweden,1
2022,05,and courts,1
2022,05,assassination of,1
2022,05,be addressed,1
2022,05,be seen,1
2022,05,been injured,1
2022,05,by Jews,1
2022,05,covering Palestine,1
2022,05,early 2000s,1
2022,05,emir said,1
2022,05,except death,1
2022,05,families in,1
2022,05,forces responsible,1
2022,05,government she,1
2022,05,he told,1
2022,05,health ministry,1
2022,05,homes rebuilt,1
2022,05,immediate release,1
2022,05,important ever,1
2022,05,individual terrorists,1
2022,05,USCPR_ May,1
2022,05,US citizen,1
2022,05,Tselem said,1
2022,05,Atlantic Council,1
2022,04,the conflict,1
2022,04,the war,1
2022,04,their detention,1
2022,04,towards Israel,1
2022,04,week ago,1
2022,04,were killed,1
2022,05,17 2022,1
2022,05,40 000,1
2022,05,Abu Akleh,1
2022,05,Al Jazeera,1
2022,05,Arab world,1
2022,05,Cemetery Read,1
2022,05,States citizen,1
2022,05,EP_President May,1
2022,05,East Jerusalem,1
2022,05,East war,1
2022,05,Farah Najjar,1
2022,05,Hamas facilities,1
2022,05,Kennedy School,1
2022,05,NUJ said,1
2022,05,Nitzan Horowitz,1
2022,05,Palestinian territory,1
2022,05,Palestinians included,1
2022,05,RepCori May,1
2022,05,informal session,1
2022,05,journalist in,1
2022,05,legitimate target,1
2022,06,Israel Palestine,1
2022,05,their statement,1
2022,05,to account,1
2022,05,to it,1
2022,05,to justice,1
2022,05,unbelievably wrong,1
2022,05,visits to,1
2022,05,we do,1
2022,05,were arrested,1
2022,05,were killed,1
2022,06,Amnesty International,1
2022,06,Buttu said,1
2022,06,Israeli occupation,1
2022,05,so many,1
2022,06,Jewish students,1
2022,06,Khalili said,1
2022,06,Palestinian Rights,1
2022,06,Palestinian state,1
2022,06,The Hague,1
2022,06,a response,1
2022,06,conduct in,1
2022,06,criminal investigation,1
2022,06,editorial stance,1
2022,06,ethnic privilege,1
2022,06,global condemnation,1
2022,05,some point,1
2022,05,since Wednesday,1
2022,05,living abroad,1
2022,05,of Beirut,1
2022,05,longstanding conflict,1
2022,05,media interviews,1
2022,05,media organisations,1
2022,05,million Palestinians,1
2022,05,never stopped,1
2022,05,news site,1
2022,05,newspaper Haaretz,1
2022,05,northern Gaza,1
2022,05,not comment,1
2022,05,occupied territory,1
2022,05,occupying authority,1
2022,05,of it,1
2022,05,she wrote,1
2022,05,of the,1
2022,05,on the,1
2022,05,once again,1
2022,05,out killings,1
2022,05,outraged by,1
2022,05,overturns them,1
2022,05,owner Maliactu,1
2022,05,press when,1
2022,05,public space,1
2022,05,related posts,1
2022,05,several decades,1
2022,09,Palestinian Territories,1
2022,09,Syndicate PJS,1
2022,09,a whole,1
2022,12,no consequences,1
2023,01,and screen,1
2023,01,armed clashes,1
2023,01,camp in,1
2023,01,civil affairs,1
2023,01,editorial stance,1
2023,01,eliminate terror,1
2023,01,enforce them,1
2023,01,every year,1
2023,01,foreign ministry,1
2023,01,has sanctity,1
2023,01,his decision,1
2023,01,illegal weapons,1
2023,01,independent state,1
2023,01,injured during,1
2023,01,inside the,1
2023,01,international law,1
2023,01,is forfeit,1
2023,01,is victory,1
2023,01,keep silent,1
2023,01,last March,1
2023,01,last year,1
2023,01,national rights,1
2023,01,occupied Gaza,1
2023,01,of December,1
2023,01,of Palestinians,1
2023,01,and beyond,1
2023,01,and Tuesday,1
2023,01,and Facebook,1
2022,12,where mourners,1
2022,12,people have,1
2022,12,roles over,1
2022,12,s OK,1
2022,12,s death,1
2022,12,the US,1
2022,12,the past,1
2022,12,them right,1
2022,12,this year,1
2022,12,those crimes,1
2022,12,to preserve,1
2022,12,was present,1
2022,12,with Netanyahu,1
2023,01,already living,1
2023,01,00 GMT,1
2023,01,3 2023,1
2023,01,Al Tahhan,1
2023,01,Gvir left,1
2023,01,Middle East,1
2023,01,Oliver Jarvis,1
2023,01,Palestinian West,1
2023,01,Selmi said,1
2023,01,a consultancy,1
2023,01,a weapon,1
2023,01,already begun,1
2023,01,our lands,1
2023,01,public spaces,1
2023,01,rebuilding it,1
2023,02,heightened tension,1
2023,02,and Gaza,1
2023,02,and smile,1
2023,02,armed clashes,1
2023,02,army checkpoints,1
2023,02,as such,1
2023,02,cannot vote,1
2023,02,designed to,1
2023,02,ease tensions,1
2023,02,from Jerusalem,1
2023,02,have intensified,1
2023,02,he added,1
2023,02,his office,1
2023,02,aid annually,1
2023,02,in 1391,1
2023,02,in 2005,1
2023,02,in Palestinian,1
2023,02,infrastructure projects,1
2023,02,international law,1
2023,02,international standards,1
2023,02,is mistaken,1
2023,02,many Palestinians,1
2023,02,occupied territories,1
2023,02,of 1967,1
2023,02,of terrorists,1
2023,02,and East,1
2023,02,ah in,1
2023,01,refugee camp,1
2023,01,were injured,1
2023,01,s support,1
2023,01,s work,1
2023,01,source of,1
2023,01,statement added,1
2023,01,statement said,1
2023,01,the year,1
2023,01,to 224,1
2023,01,to die,1
2023,01,to them,1
2023,01,told reporters,1
2023,01,violation of,1
2023,01,year history,1
2023,02,across the,1
2023,02,40 hours,1
2023,02,East Institute,1
2023,02,February 23,1
2023,02,Khatib said,1
2023,02,Literary translator,1
2023,02,Marei told,1
2023,02,Middle East,1
2023,02,Palestinian state,1
2023,02,Palestinian territories,1
2023,02,Rutgers University,1
2023,02,a statement,1
2022,12,now Israel,1
2022,12,next government,1
2022,09,an investigation,1
2022,12,justice said,1
2022,09,with embassies,1
2022,10,16 years,1
2022,10,Al Jazeera,1
2022,10,Rights Israel,1
2022,10,The Hague,1
2022,10,West Bank,1
2022,10,and Facebook,1
2022,10,burial he,1
2022,10,for the,1
2022,10,future state,1
2022,10,grain deliveries,1
2022,10,he said,1
2022,10,in 2022,1
2022,10,increasingly unpopular,1
2022,10,international standards,1
2022,10,is reached,1
2022,10,military checkpoints,1
2022,10,military protection,1
2022,10,practices he,1
2022,10,reporters at,1
2022,10,see myself,1
2022,10,the reality,1
2022,10,the suspect,1
2022,10,this camp,1
2022,10,this size,1
2022,09,were killed,1
2022,09,to make,1
2022,09,to intervene,1
2022,09,military investigation,1
2022,09,armed clashes,1
2022,09,attempted murder,1
2022,09,be launched,1
2022,09,cages in,1
2022,09,children were,1
2022,09,fighting for,1
2022,09,for love,1
2022,09,from Lebanon,1
2022,09,from us,1
2022,09,group tweeted,1
2022,09,guide me,1
2022,09,military protection,1
2022,09,their release,1
2022,09,mosque Hendren,1
2022,09,northern West,1
2022,09,occupied territories,1
2022,09,of Audio,1
2022,09,of audio,1
2022,09,of our,1
2022,09,on Wednesday,1
2022,09,or trial,1
2022,09,people he,1
2022,09,perpetrators the,1
2022,09,their lives,1
2022,10,this year,1
2022,10,to Tamimi,1
2022,10,towards Israeli,1
2022,12,and East,1
2022,11,this week,1
2022,11,us Ali,1
2022,12,Al Jazeera,1
2022,12,Diaa Rimawi,1
2022,12,Israel Katz,1
2022,12,McBride said,1
2022,12,PA and,1
2022,12,Palestinian territories,1
2022,12,The iPaper,1
2022,12,a fight,1
2022,12,about Netanyahu,1
2022,12,and destabilisation,1
2022,11,the call,1
2022,12,be released,1
2022,12,be revoked,1
2022,12,bureaucratic process,1
2022,12,earlier this,1
2022,12,for appeasement,1
2022,12,for peace,1
2022,12,he added,1
2022,12,her killing,1
2022,12,her shooting,1
2022,12,in 2005,1
2022,12,in Gaza,1
2022,11,the resistance,1
2022,11,political differences,1
2022,10,was elected,1
2022,11,displacement efforts,1
2022,10,we want,1
2022,10,with Israel,1
2022,10,with embassies,1
2022,11,Palestinian residents,1
2022,11,RepRashida November,1
2022,11,Semitic institution,1
2022,11,Shabbat Shalom,1
2022,11,and apartheid,1
2022,11,and history,1
2022,11,bilateral relations,1
2022,11,changed forever,1
2022,11,editorial stance,1
2022,11,part of,1
2022,11,far right,1
2022,11,feel stronger,1
2022,11,for an,1
2022,11,from Jenin,1
2022,11,her job,1
2022,11,in 2020,1
2022,11,independent state,1
2022,11,international standards,1
2022,11,killing Shireen,1
2022,11,like now,1
2022,11,or charge,1
2022,04,the Gaza,1
2022,04,since 1967,1
2023,11,Occupied Territories,1
2021,06,arriving in,1
2021,05,unified capital,1
2021,05,uprising here,1
2021,05,violence he,1
2021,05,war crime,1
2021,05,will happen,1
2021,05,with Israel,1
2021,05,work for,1
2021,05,years ago,1
2021,06,15 years,1
2021,06,21 2021,1
2021,06,66 children,1
2021,06,Al Jazeera,1
2021,06,Cristofalo told,1
2021,06,Donald Trump,1
2021,06,Fadwa Hodali,1
2021,06,I want,1
2021,06,Iran he,1
2021,06,Israeli occupation,1
2021,06,Mediterranean Sea,1
2021,06,NATO the,1
2021,06,Shehadeh Mansour,1
2021,06,a beauty,1
2021,06,also in,1
2021,06,also killed,1
2021,06,an attack,1
2021,05,two children,1
2021,05,tweets AsadHashim,1
2021,05,tweeted on,1
2021,05,the barriers,1
2021,05,said Maha,1
2021,05,said Suhad,1
2021,05,sales to,1
2021,05,same raid,1
2021,05,seen before,1
2021,05,she asserted,1
2021,05,spokesperson said,1
2021,05,support across,1
2021,05,support to,1
2021,05,targets in,1
2021,05,the EU,1
2021,05,the building,1
2021,05,towards Israel,1
2021,05,the cold,1
2021,05,the last,1
2021,05,the oppressor,1
2021,05,the process,1
2021,05,the troubles,1
2021,05,the violence,1
2021,05,this report,1
2021,05,to UNICEF,1
2021,05,to come,1
2021,05,to disappear,1
2021,05,to this,1
2021,06,armed factions,1
2021,06,been changed,1
2022,04,same period,1
2021,06,beliefs are,1
2021,06,of Ramadan,1
2021,06,of error,1
2021,06,once again,1
2021,06,or intimidation,1
2021,06,our people,1
2021,06,over he,1
2021,06,own hands,1
2021,06,places in,1
2021,06,possibility he,1
2021,06,promoted violence,1
2021,06,raid overnight,1
2021,06,s BND,1
2021,06,she asked,1
2021,06,since 2000,1
2021,06,stood nearby,1
2021,06,the NGO,1
2021,06,the Palestinians,1
2021,06,to know,1
2021,06,two children,1
2021,06,violations by,1
2021,06,war crime,1
2021,06,were arrested,1
2021,07,34 communities,1
2021,07,Abuznaid told,1
2021,07,Chris Sidoti,1
2021,06,of Palestinians,1
2021,06,of Nablus,1
2021,06,neighbours killed,1
2021,06,he said,1
2021,06,by Israel,1
2021,06,by explosions,1
2021,06,checkpoint near,1
2021,06,could to,1
2021,06,director B,1
2021,06,family histories,1
2021,06,fragile ceasefire,1
2021,06,from Gaza,1
2021,06,future state,1
2021,06,goes ahead,1
2021,06,hate us,1
2021,06,he told,1
2021,06,mortars and,1
2021,06,here to,1
2021,06,hopes up,1
2021,06,hosting communities,1
2021,06,in Israel,1
2021,06,in Tehran,1
2021,06,issue itself,1
2021,06,it added,1
2021,06,it noted,1
2021,06,its behaviour,1
2021,06,last month,1
2021,06,media campaign,1
2021,05,s office,1
2021,05,s defence,1
2021,05,s death,1
2021,05,run away,1
2021,05,Salem in,1
2021,05,Sayed said,1
2021,05,SenSanders May,1
2021,05,State of,1
2021,05,Sunday morning,1
2021,05,TamaraINassar May,1
2021,05,Waleed Marai,1
2021,05,Wellington Whanganui,1
2021,05,West Bank,1
2021,05,Zionist enemy,1
2021,05,air prison,1
2021,05,also wounded,1
2021,05,analysts said,1
2021,05,and Gaza,1
2021,05,and Nablus,1
2021,05,and Palestine,1
2021,05,any circumstances,1
2021,05,are insane,1
2021,05,are martyrs,1
2021,05,area he,1
2021,05,backing of,1
2021,05,been wounded,1
2021,05,binational state,1
2021,05,brokered ceasefire,1
2021,05,by LinahAlsaafin,1
2021,05,Quds network,1
2021,05,Palestinian narrative,1
2021,05,Palestinian fighters,1
2021,05,Gaza City,1
2021,05,2006 election,1
2021,05,250 signatures,1
2021,05,AFPSOfficiel May,1
2021,05,Amnesty International,1
2021,05,Amra in,1
2021,05,Aqsa compound,1
2021,05,China Uncensored,1
2021,05,College Dublin,1
2021,05,Day War,1
2021,05,Doha Institute,1
2021,05,Facebook TheTakePod,1
2021,05,German media,1
2021,05,Palestinian context,1
2021,05,Graduate Studies,1
2021,05,Hamas rulers,1
2021,05,Israel died,1
2021,05,Jubeh in,1
2021,05,MENA said,1
2021,05,Mohamed Elneny,1
2021,05,Mosque compound,1
2021,05,Mother Jones,1
2021,05,Not Apartheid,1
2021,05,Nova 24,1
2021,05,Palestinian Jerusalemites,1
2021,05,chairing the,1
2021,05,change said,1
2021,05,colonial project,1
2021,05,on Friday,1
2021,05,means catastrophe,1
2021,05,my home,1
2021,05,news agency,1
2021,05,not stop,1
2021,05,occupation he,1
2021,05,of Ramadan,1
2021,05,of bureaucracy,1
2021,05,of international,1
2021,05,of my,1
2021,05,of progress,1
2021,05,of time,1
2021,05,on Twitter,1
2021,05,locations in,1
2021,05,our land,1
2021,05,our memories,1
2021,05,our message,1
2021,05,peace negotiation,1
2021,05,previous negotiations,1
2021,05,quite dangerous,1
2021,05,recognised abroad,1
2021,05,reconstruction process,1
2021,05,reported from,1
2021,05,rights record,1
2021,05,rocket fire,1
2021,05,losing their,1
2021,05,last week,1
2021,05,defend itself,1
2021,05,he wrote,1
2021,05,described as,1
2021,05,difficult decisions,1
2021,05,displaced from,1
2021,05,do it,1
2021,05,email on,1
2021,05,extended family,1
2021,05,fail them,1
2021,05,falling from,1
2021,05,from Gaza,1
2021,05,go to,1
2021,05,harmful one,1
2021,05,here in,1
2021,05,its citizens,1
2021,05,in 2020,1
2021,05,in Beirut,1
2021,05,in Odayseh,1
2021,05,in freedom,1
2021,05,in years,1
2021,05,insanely stupid,1
2021,05,intelligence office,1
2021,05,international community,1
2021,05,into shelters,1
2021,05,irredeemably biased,1
2021,05,is bleak,1
2021,07,Israeli citizens,1
2021,07,Israeli settlements,1
2021,07,July 2,1
2021,10,the Israeli,1
2021,12,Israel bias,1
2021,12,a Palestinian,1
2021,12,a child,1
2021,12,and cities,1
2021,12,be doing,1
2021,12,future state,1
2021,12,of Health,1
2021,12,on us,1
2021,12,significant betrayal,1
2021,12,to peace,1
2021,12,walk again,1
2021,12,were killed,1
2022,01,College London,1
2022,01,Facebook TheTakePod,1
2022,01,Palestinian policies,1
2022,01,_ZachFoster January,1
2022,01,by fear,1
2022,01,editorial stance,1
2022,01,future capital,1
2022,01,in Israel,1
2022,01,letter read,1
2022,01,neighbourhood again,1
2022,01,she said,1
2022,02,1 2022,1
2022,02,Palestinian story,1
2021,12,13 years,1
2021,11,to it,1
2021,11,territories he,1
2021,11,be recognised,1
2021,10,the designation,1
2021,10,the land,1
2021,10,the statement,1
2021,10,to comply,1
2021,10,uninhabitable place,1
2021,10,we breathe,1
2021,11,Israel bias,1
2021,11,Jewish people,1
2021,11,Price said,1
2021,11,and hard,1
2021,11,and self,1
2021,11,been announced,1
2021,11,state solution,1
2021,11,by Seena,1
2021,11,economic improvements,1
2021,11,editorial stance,1
2021,11,evacuate them,1
2021,11,express ourselves,1
2021,11,government said,1
2021,11,in Israel,1
2021,11,month intervals,1
2021,11,normal human,1
2021,11,officers in,1
2021,11,respectful manner,1
2022,02,and dignity,1
2022,02,and killings,1
2022,02,editorial stance,1
2022,04,future of,1
2022,04,Jenin occupied,1
2022,04,Naftali Bennett,1
2022,04,Old City,1
2022,04,State University,1
2022,04,after morning,1
2022,04,and was,1
2022,04,besieged Gaza,1
2022,04,coming back,1
2022,04,defence ministry,1
2022,04,fires she,1
2022,04,four years,1
2022,04,he told,1
2022,04,Israeli flags,1
2022,04,high sentences,1
2022,04,hospitalising several,1
2022,04,international law,1
2022,04,master plan,1
2022,04,occupied East,1
2022,04,on Gaza,1
2022,04,onto Israel,1
2022,04,our leaders,1
2022,04,pressure Israel,1
2022,04,reach the,1
2022,04,recent years,1
2022,04,Jenin area,1
2022,04,Israeli citizenship,1
2022,02,incident he,1
2022,03,ceremonial position,1
2022,02,international community,1
2022,02,next explosion,1
2022,02,occupied East,1
2022,02,the cost,1
2022,02,these policies,1
2022,03,74 years,1
2022,03,Israeli negotiator,1
2022,03,Saudi Arabia,1
2022,03,Zionist occupier,1
2022,03,as Palestinians,1
2022,03,build legally,1
2022,03,change course,1
2022,04,Gaza Strip,1
2022,03,illegally occupies,1
2022,03,movements in,1
2022,03,our cause,1
2022,03,says Abu,1
2022,03,settlements in,1
2022,03,the authorities,1
2022,03,the country,1
2022,03,was about,1
2022,03,were arrested,1
2022,03,world said,1
2022,04,Ahed said,1
2021,10,the children,1
2021,10,stay silent,1
2021,07,Palestinian consumer,1
2021,10,said Aweida,1
2021,08,Pasadena California,1
2021,08,Salem in,1
2021,08,a betrayal,1
2021,08,aid organisations,1
2021,08,also killed,1
2021,08,and arrests,1
2021,08,and police,1
2021,08,blockade Mizhir,1
2021,08,gas bombs,1
2021,08,happens quickly,1
2021,08,in Florida,1
2021,08,it said,1
2021,08,kill Palestinians,1
2021,08,million Palestinians,1
2021,08,next Abdel,1
2021,08,one soldier,1
2021,08,politically motivated,1
2021,08,powers of,1
2021,08,shared threat,1
2021,08,the ceasefire,1
2021,08,the fighting,1
2021,08,their minds,1
2021,08,we do,1
2021,08,with Hamas,1
2021,09,54 women,1
2021,08,Hamas facilities,1
2021,08,February 2020,1
2021,08,Awad said,1
2021,07,own party,1
2021,07,Shin Bet,1
2021,07,against Palestinians,1
2021,07,brokered ceasefire,1
2021,07,cold Delicious,1
2021,07,enter Gaza,1
2021,07,future progress,1
2021,07,humanitarian conditions,1
2021,07,in 2014,1
2021,07,informal ceasefire,1
2021,07,it Ofran,1
2021,07,months later,1
2021,07,peace talks,1
2021,07,us he,1
2021,07,politically motivated,1
2021,07,seven arrests,1
2021,07,several weeks,1
2021,07,she said,1
2021,07,since 1967,1
2021,07,sound Nicola,1
2021,07,sworn enemies,1
2021,07,terrorist organisation,1
2021,07,the debt,1
2021,07,to return,1
2021,07,uninterrupted Abuznaid,1
2021,09,Hamas captivity,1
2021,09,Hosni Mubarak,1
2021,09,Israeli occupation,1
2021,10,as inaccurate,1
2021,09,since 1967,1
2021,09,the vote,1
2021,09,to armed,1
2021,09,very soon,1
2021,09,will end,1
2021,10,600 detainees,1
2021,10,AdalahJustice October,1
2021,10,Israel bias,1
2021,10,Judaise the,1
2021,10,Malah told,1
2021,10,Voller said,1
2021,10,being on,1
2021,09,powder keg,1
2021,10,by it,1
2021,10,deter them,1
2021,10,future generations,1
2021,10,group Addameer,1
2021,10,hunger strikes,1
2021,10,is revoked,1
2021,10,mufti said,1
2021,10,one another,1
2021,10,own terms,1
2021,10,public peace,1
2021,10,release them,1
2021,09,report from,1
2021,09,parliamentary elections,1
2021,09,Palestinian demands,1
2021,09,help he,1
2021,09,and cuddling,1
2021,09,as Palestinians,1
2021,09,coastal enclave,1
2021,09,current situation,1
2021,09,editorial stance,1
2021,09,family members,1
2021,09,fold he,1
2021,09,for him,1
2021,09,forces since,1
2021,09,from there,1
2021,09,have imagined,1
2021,09,him alive,1
2021,09,operation that,1
2021,09,himself in,1
2021,09,in Israel,1
2021,09,in June,1
2021,09,in London,1
2021,09,in history,1
2021,09,intervention he,1
2021,09,its custody,1
2021,09,land he,1
2021,09,matter what,1
2021,09,members of,1
2021,09,of directors,1
2023,02,of violence,1
2023,02,our hope,1
2023,02,past year,1
2023,10,its life,1
2023,10,hope alive,1
2023,10,humanitarian office,1
2023,10,humanitarian reasons,1
2023,10,husband now,1
2023,10,imagine it,1
2023,10,in China,1
2023,10,in February,1
2023,10,in Gaza,1
2023,10,in India,1
2023,10,in Israel,1
2023,10,in Nablus,1
2023,10,in antisemitism,1
2023,10,in peace,1
2023,10,in sight,1
2023,10,including Europe,1
2023,10,independent investigation,1
2023,10,innocent civilians,1
2023,10,innocent lives,1
2023,10,instead as,1
2023,10,is critical,1
2023,10,is eating,1
2023,10,is safe,1
2023,10,is scarier,1
2023,10,it wrote,1
2023,10,its accuracy,1
2023,10,historical rights,1
2023,10,his visit,1
2023,10,help people,1
2023,10,genocide he,1
2023,10,fights in,1
2023,10,final farewell,1
2023,10,fit in,1
2023,10,for Peace,1
2023,10,from Congress,1
2023,10,from Lebanon,1
2023,10,from returning,1
2023,10,from visiting,1
2023,10,fund anything,1
2023,10,further danger,1
2023,10,future of,1
2023,10,get sick,1
2023,10,held in,1
2023,10,global economy,1
2023,10,go here,1
2023,10,going on,1
2023,10,good news,1
2023,10,hate crimes,1
2023,10,hates them,1
2023,10,have had,1
2023,10,have this,1
2023,10,he added,1
2023,10,he told,1
2023,10,health authorities,1
2023,10,its forces,1
2023,10,its repercussions,1
2023,02,replaced by,1
2023,10,just waiting,1
2023,10,not yet,1
2023,10,nuclear plants,1
2023,10,occupier attacks,1
2023,10,of Beirut,1
2023,10,of Cambridge,1
2023,10,of Deraa,1
2023,10,of Journalists,1
2023,10,of Lebanon,1
2023,10,of assistance,1
2023,10,of captives,1
2023,10,of children,1
2023,10,of collapse,1
2023,10,of defence,1
2023,10,of history,1
2023,10,of non,1
2023,10,of soldiers,1
2023,10,of theirs,1
2023,10,of violence,1
2023,10,office he,1
2023,10,officials say,1
2023,10,on Palestinian,1
2023,10,on Thursday,1
2023,10,on fire,1
2023,10,once again,1
2023,10,once occupied,1
2023,10,not delivered,1
2023,10,non functioning,1
2023,10,next life,1
2023,10,military equipment,1
2023,10,know Alarayshi,1
2023,10,know us,1
2023,10,law Biden,1
2023,10,least a,1
2023,10,life again,1
2023,10,like that,1
2023,10,live it,1
2023,10,man she,1
2023,10,marching in,1
2023,10,medical care,1
2023,10,mid air,1
2023,10,military targets,1
2023,10,news agency,1
2023,10,million people,1
2023,10,modest means,1
2023,10,months later,1
2023,10,more merciful,1
2023,10,more nationals,1
2023,10,most Palestinians,1
2023,10,mostly soldiers,1
2023,10,must prevail,1
2023,10,nations he,1
2023,10,need it,1
2023,10,negative consequences,1
2023,10,fighters there,1
2023,10,fates he,1
2023,10,fast running,1
2023,10,far away,1
2023,10,and legality,1
2023,10,and medicine,1
2023,10,and oppression,1
2023,10,and safety,1
2023,10,and unforgiving,1
2023,10,annihilate Hamas,1
2023,10,another incursion,1
2023,10,any mercy,1
2023,10,are facing,1
2023,10,are worthless,1
2023,10,around us,1
2023,10,arrest Putin,1
2023,10,as Sufi,1
2023,10,as captives,1
2023,10,assault unfolded,1
2023,10,at Ben,1
2023,10,at home,1
2023,10,be accountability,1
2023,10,be completed,1
2023,10,be even,1
2023,10,be immunised,1
2023,10,be justified,1
2023,10,became personal,1
2023,10,become clear,1
2023,10,been changed,1
2023,10,and jackets,1
2023,10,and fuel,1
2023,10,and expression,1
2023,10,also failed,1
2023,10,actions all,1
2023,10,aerial campaign,1
2023,10,aftermath of,1
2023,10,against humanity,1
2023,10,against the,1
2023,10,against us,1
2023,10,aggression Maarouf,1
2023,10,ah in,1
2023,10,alive Muslims,1
2023,10,allowed in,1
2023,10,alongside Hamas,1
2023,10,am Arab,1
2023,10,and equality,1
2023,10,an attack,1
2023,10,and Egypt,1
2023,10,and Iran,1
2023,10,and Muslims,1
2023,10,and airports,1
2023,10,and brevity,1
2023,10,and cancelled,1
2023,10,and children,1
2023,10,and crazy,1
2023,10,and defence,1
2023,10,and electricity,1
2023,10,been displaced,1
2023,10,been in,1
2023,10,been killed,1
2023,10,empty fields,1
2023,10,destroy Hamas,1
2023,10,destroyed it,1
2023,10,died she,1
2023,10,diplomatic solution,1
2023,10,disappearances mean,1
2023,10,discuss mediation,1
2023,10,displaced again,1
2023,10,do so,1
2023,10,do this,1
2023,10,drink water,1
2023,10,each day,1
2023,10,en masse,1
2023,10,de escalate,1
2023,10,encouraging step,1
2023,10,end quickly,1
2023,10,enter Gaza,1
2023,10,entrenched conflict,1
2023,10,equipment from,1
2023,10,events overseas,1
2023,10,every form,1
2023,10,everyday lives,1
2023,10,exhausted cheek,1
2023,10,failures once,1
2023,10,family We,1
2023,10,deliver relief,1
2023,10,days after,1
2023,10,been wounded,1
2023,10,childhood in,1
2023,10,being responsible,1
2023,10,besieged enclave,1
2023,10,beyond imagination,1
2023,10,big catastrophe,1
2023,10,bombarding Gaza,1
2023,10,border area,1
2023,10,by Egab,1
2023,10,can contain,1
2023,10,capital Kathmandu,1
2023,10,catastrophe be,1
2023,10,ceasefire in,1
2023,10,circle she,1
2023,10,day long,1
2023,10,civil defence,1
2023,10,cognitive functions,1
2023,10,come from,1
2023,10,committed here,1
2023,10,common good,1
2023,10,communities domestically,1
2023,10,conditions in,1
2023,10,coordinator for,1
2023,10,could do,1
2023,10,current conflict,1
2023,10,dangerous propaganda,1
2023,10,one community,1
2023,10,only intensify,1
2023,10,operational readiness,1
2023,10,to Israel,1
2023,10,with Egab,1
2023,10,with Gaza,1
2023,10,with Hamas,1
2023,10,with Putin,1
2023,10,with sewage,1
2023,10,with starlink,1
2023,10,would end,1
2023,10,year told,1
2023,11,1 2023,1
2023,11,10 2023,1
2023,11,12 2023,1
2023,11,14 2023,1
2023,11,15 2023,1
2023,11,16 2023,1
2023,11,17 2023,1
2023,11,2 2023,1
2023,11,20 2023,1
2023,11,200 people,1
2023,11,21 2023,1
2023,11,22 2023,1
2023,11,250 hostages,1
2023,11,28 2023,1
2023,11,3 2023,1
2023,11,30 2023,1
2023,11,300 people,1
2023,10,will tell,1
2023,10,will die,1
2023,10,were killed,1
2023,10,towards Israel,1
2023,10,to display,1
2023,10,to grow,1
2023,10,to hell,1
2023,10,to kidnapped,1
2023,10,to life,1
2023,10,to nine,1
2023,10,to retreat,1
2023,10,to society,1
2023,10,to that,1
2023,10,to them,1
2023,10,tom ato,1
2023,10,turned down,1
2023,10,weeks ahead,1
2023,10,under attack,1
2023,10,updates here,1
2023,10,urgent negotiations,1
2023,10,us breathe,1
2023,10,us too,1
2023,10,violating international,1
2023,10,want in,1
2023,10,war began,1
2023,10,was different,1
2023,10,we can,1
2023,10,weapons purchases,1
2023,11,4 2023,1
2023,11,5 2023,1
2023,11,506 children,1
2023,11,Israel on,1
2023,11,Gaza officials,1
2023,11,Gaza she,1
2023,11,Global Affairs,1
2023,11,Global Justice,1
2023,11,Gulf nations,1
2023,11,Hamas claims,1
2023,11,Hamas members,1
2023,11,Health said,1
2023,11,Hospital complex,1
2023,11,Houthi forces,1
2023,11,Israel he,1
2023,11,Israeli territory,1
2023,11,Gaza conflict,1
2023,11,Jewish populations,1
2023,11,Khuza a,1
2023,11,Lebanon said,1
2023,11,Milan Italy,1
2023,11,Miller said,1
2023,11,Ministry in,1
2023,11,Minns added,1
2023,11,Mustafa told,1
2023,11,Nils Adler,1
2023,11,November 11,1
2023,11,November 4,1
2023,11,Gaza now,1
2023,11,Gaza Thawabta,1
2023,11,6 2023,1
2023,11,Bijulal told,1
2023,11,7 attack,1
2023,11,760 children,1
2021,05,14 2021,1
2023,11,9 2023,1
2023,11,95 women,1
2023,11,Abushawish concluded,1
2023,11,Affairs Committee,1
2023,11,Al Aqsa,1
2023,11,Amnesty International,1
2023,11,Arab region,1
2023,11,B Tselem,1
2023,11,Borrell said,1
2023,11,Gabes governorate,1
2023,11,BrusselsAgainstGenocide brusselsagainstgenocide,1
2023,11,Committee harvardpsc,1
2023,11,Criminal Court,1
2023,11,Cross ICRC,1
2023,11,Donald Cameron,1
2023,11,EU Confidential,1
2023,11,East Institute,1
2023,11,East River,1
2023,11,Elias said,1
2023,11,Enough already,1
2023,11,Friday morning,1
2023,10,to Palestinian,1
2023,10,to Hamas,1
2023,10,or criminalise,1
2023,10,to Gazans,1
2023,10,response on,1
2023,10,resting place,1
2023,10,right to,1
2023,10,running conflicts,1
2023,10,running low,1
2023,10,running out,1
2023,10,s attack,1
2023,10,s performance,1
2023,10,s politics,1
2023,10,s statement,1
2023,10,safety and,1
2023,10,said Kugelman,1
2023,10,said Mukesh,1
2023,10,save lives,1
2023,10,save the,1
2023,10,says Weizman,1
2023,10,says firmly,1
2023,10,section of,1
2023,10,self defence,1
2023,10,sent to,1
2023,10,she added,1
2023,10,she says,1
2023,10,silent he,1
2023,10,since 1948,1
2023,10,since October,1
2023,10,residents relocate,1
2023,10,repeats itself,1
2023,10,repeated explosions,1
2023,10,political analyst,1
2023,10,or indirectly,1
2023,10,or internet,1
2023,10,or lack,1
2023,10,other again,1
2023,10,other nationalities,1
2023,10,our neighbours,1
2023,10,our side,1
2023,10,own future,1
2023,10,patients in,1
2023,10,percentage points,1
2023,10,permeates everything,1
2023,10,political scientists,1
2023,10,reduced ad,1
2023,10,political survival,1
2023,10,possible tactics,1
2023,10,possibly can,1
2023,10,possibly indefinitely,1
2023,10,previous day,1
2023,10,probably not,1
2023,10,proper he,1
2023,10,protect civilians,1
2023,10,public order,1
2023,10,pursuing us,1
2023,10,pushing for,1
2023,10,six Israeli,1
2023,10,sleep hungry,1
2023,10,sleeping outdoors,1
2023,10,their conscience,1
2023,10,the land,1
2023,10,the living,1
2023,10,the ocean,1
2023,10,the offensive,1
2023,10,the past,1
2023,10,the police,1
2023,10,the profession,1
2023,10,the shots,1
2023,10,the territory,1
2023,10,the world,1
2023,10,their capacity,1
2023,10,their countries,1
2023,10,the future,1
2023,10,their identity,1
2023,10,them children,1
2023,10,there daily,1
2023,10,they will,1
2023,10,things should,1
2023,10,this explainer,1
2023,10,this moment,1
2023,10,this nature,1
2023,10,this report,1
2023,10,this war,1
2023,10,to 203,1
2023,10,the group,1
2023,10,the end,1
2023,10,so far,1
2023,10,take place,1
2023,10,solution he,1
2023,10,start of,1
2023,10,statement added,1
2023,10,statement on,1
2023,10,statement said,1
2023,10,stopped fighting,1
2023,10,strike Taiwan,1
2023,10,summed up,1
2023,10,support stability,1
2023,10,t help,1
2023,10,t matter,1
2023,10,taken note,1
2023,10,the dead,1
2023,10,terrorist organisation,1
2023,10,than ISIS,1
2023,10,that there,1
2023,10,the Arabic,1
2023,10,the Israel,1
2023,10,the Maldives,1
2023,10,the air,1
2023,10,the attacks,1
2023,10,the bombs,1
2023,10,the brink,1
2023,10,the crisis,1
2023,10,across the,1
2023,10,achieve that,1
2023,10,about the,1
2023,05,attack on,1
2023,05,s rubble,1
2023,05,safely he,1
2023,05,she said,1
2023,05,stolen property,1
2023,05,stop attacks,1
2023,05,that account,1
2023,05,that claim,1
2023,05,the case,1
2023,05,the price,1
2023,05,the statement,1
2023,05,this matter,1
2023,05,to hospital,1
2023,05,towards Israel,1
2023,05,unconscious in,1
2023,05,were expelled,1
2023,05,were injured,1
2023,05,wife told,1
2023,05,with Iran,1
2023,05,worlds collide,1
2023,06,1967 war,1
2023,06,2023 According,1
2023,06,30 years,1
2023,06,AIPAC conference,1
2023,06,Bays added,1
2023,06,East journalist,1
2023,05,protect it,1
2023,05,past years,1
2023,05,open areas,1
2023,05,he added,1
2023,05,before Schabas,1
2023,05,besieged Gaza,1
2023,05,bullying Shapiro,1
2023,05,conquering us,1
2023,05,days in,1
2023,05,editorial stance,1
2023,05,for living,1
2023,05,forces in,1
2023,05,from occupied,1
2023,05,great sacrifice,1
2023,05,group HaMoked,1
2023,05,he said,1
2023,05,old said,1
2023,05,her honour,1
2023,05,humanitarian access,1
2023,05,impossible to,1
2023,05,independent state,1
2023,05,is disappointing,1
2023,05,justice for,1
2023,05,like Shireen,1
2023,05,medical treatment,1
2023,05,militant activity,1
2023,05,of options,1
2023,05,of sorts,1
2023,06,Ibrahim Nothing,1
2023,06,Investigates podcast,1
2023,06,Israeli soldiers,1
2023,07,20 years,1
2023,06,same period,1
2023,06,since 2014,1
2023,06,stop he,1
2023,06,take over,1
2023,06,the past,1
2023,06,these memories,1
2023,06,under international,1
2023,06,will end,1
2023,06,will intervene,1
2023,06,willful killings,1
2023,06,with Ben,1
2023,07,25 people,1
2023,06,s door,1
2023,07,Awwad a,1
2023,07,Day War,1
2023,07,Elizondo said,1
2023,07,Israeli operations,1
2023,07,Israeli raids,1
2023,07,Jewish ones,1
2023,07,July 3,1
2023,07,July 4,1
2023,07,July 5,1
2023,07,Maram Humaid,1
2023,07,Mattat said,1
2023,06,safety concerns,1
2023,06,rights violations,1
2023,06,June 19,1
2023,06,in violence,1
2023,06,June 20,1
2023,06,League champions,1
2023,06,Nablus occupied,1
2023,06,across the,1
2023,06,be 5m,1
2023,06,citing the,1
2023,06,fight attackers,1
2023,06,from Gaza,1
2023,06,he added,1
2023,06,his memory,1
2023,06,immediate comment,1
2023,06,independent state,1
2023,06,report said,1
2023,06,international community,1
2023,06,international law,1
2023,06,it said,1
2023,06,lasting peace,1
2023,06,legacy he,1
2023,06,moderate wounds,1
2023,06,of Jenin,1
2023,06,offing between,1
2023,06,on terrorists,1
2023,06,other countries,1
2023,06,raid on,1
2023,05,be ignored,1
2023,05,artistic freedom,1
2023,07,Palestinian land,1
2023,05,artificial intelligence,1
2023,03,since the,1
2023,03,solution he,1
2023,03,suffering from,1
2023,03,the country,1
2023,03,them civilians,1
2023,03,to offer,1
2023,03,uncoordinated attacks,1
2023,03,us forget,1
2023,04,000 worshippers,1
2023,04,27 2023,1
2023,04,AFP news,1
2023,04,April 7,1
2023,04,PalestineRemix com,1
2023,04,Palestinian attacks,1
2023,04,Palestinian origin,1
2023,04,Passover holiday,1
2023,04,a week,1
2023,04,additional homes,1
2023,04,and Facebook,1
2023,04,and villages,1
2023,04,artificial intelligence,1
2023,04,bizarre idea,1
2023,04,current Israel,1
2023,04,detained by,1
2023,04,devastating consequences,1
2023,03,s agenda,1
2023,03,right now,1
2023,03,political crisis,1
2023,03,be stopped,1
2023,02,s leadership,1
2023,02,settlement freeze,1
2023,02,the ground,1
2023,02,the scene,1
2023,02,with me,1
2023,03,18 2023,1
2023,03,Antonia Perello,1
2023,03,Masafer Yatta,1
2023,03,Nides said,1
2023,03,North Africa,1
2023,03,archipelago nation,1
2023,03,by Israel,1
2023,03,others injured,1
2023,03,editorial stance,1
2023,03,future state,1
2023,03,he added,1
2023,03,in Journalism,1
2023,03,in years,1
2023,03,includes Palestinians,1
2023,03,living martyr,1
2023,03,long conflict,1
2023,03,ministry said,1
2023,03,news reports,1
2023,03,on Gaza,1
2023,04,feel free,1
2023,04,government session,1
2023,04,have coincided,1
2023,05,May 2,1
2023,05,1967 War,1
2023,05,250 illegal,1
2023,05,Din reported,1
2023,05,East war,1
2023,05,Haifa in,1
2023,05,Hollen wrote,1
2023,05,Humaid in,1
2023,05,Israeli custody,1
2023,05,May 10,1
2023,05,May 11,1
2023,05,May 13,1
2023,05,May 9,1
2023,04,towards Israel,1
2023,05,Mohammed Abugeth,1
2023,05,Occupation Hebron,1
2023,05,Palestinian struggle,1
2023,05,Reuters reported,1
2023,05,Rona Sela,1
2023,05,State of,1
2023,05,academics said,1
2023,05,all died,1
2023,05,and 13,1
2023,05,and life,1
2023,05,and my,1
2023,04,with Hamas,1
2023,04,this report,1
2023,04,independent state,1
2023,04,prayers at,1
2023,04,international communities,1
2023,04,international community,1
2023,04,is left,1
2023,04,is unacceptable,1
2023,04,joining us,1
2023,04,last week,1
2023,04,life he,1
2023,04,man was,1
2023,04,national cities,1
2023,04,no more,1
2023,04,on Israelis,1
2023,04,priestly blessing,1
2023,04,their place,1
2023,04,procession in,1
2023,04,recognised internationally,1
2023,04,region it,1
2023,04,s it,1
2023,04,said from,1
2023,04,same period,1
2023,04,situation there,1
2023,04,take Al,1
2023,04,than 220,1
2023,04,the Israeli,1
2023,04,the status,1
2023,07,Middles East,1
2023,07,Rights Watch,1
2023,10,abetting it,1
2023,09,said Diwan,1
2023,10,8 2023,1
2023,10,9 2023,1
2023,10,Access Now,1
2023,10,Agency spokesperson,1
2023,10,Ali told,1
2023,10,Arab affairs,1
2023,10,Asia Pacific,1
2023,10,Basaran said,1
2023,10,Bennis told,1
2023,10,Biden said,1
2023,10,CIA officer,1
2023,10,Combatants law,1
2023,10,Council deadlock,1
2023,10,CtnBwOx7dn Aida,1
2023,10,Danny Ayalon,1
2023,10,Development Party,1
2023,10,Director DAWN,1
2023,10,Doha Qatar,1
2023,10,DrTedros October,1
2023,10,Falklands War,1
2023,10,Fox News,1
2023,10,Francis on,1
2023,10,Halevi said,1
2023,10,Hamas war,1
2023,10,Humaid in,1
2023,10,560 Palestinians,1
2023,10,475 injured,1
2023,10,400 people,1
2023,10,18 2023,1
2023,09,social media,1
2023,09,stability in,1
2023,09,state solution,1
2023,09,they said,1
2023,09,to the,1
2023,09,went wrong,1
2023,10,030 children,1
2023,10,11 2023,1
2023,10,13 2023,1
2023,10,14 2023,1
2023,10,17 2023,1
2023,10,19 2023,1
2023,10,31 2023,1
2023,10,20 2023,1
2023,10,21 2023,1
2023,10,22 2023,1
2023,10,23 2023,1
2023,10,25 2023,1
2023,10,26 2023,1
2023,10,27 2023,1
2023,10,28 2023,1
2023,10,286 soldiers,1
2023,10,30 2023,1
2023,10,300 spectrum,1
2023,10,I can,1
2023,10,Impact Diplomacy,1
2023,10,Israel Palestine,1
2023,10,University Berlin,1
2023,10,Rishi Sunak,1
2023,10,Russell added,1
2023,10,Salah said,1
2023,10,Saudi Arabia,1
2023,10,Shazly wrote,1
2023,10,Shia scholar,1
2023,10,Telegram messages,1
2023,10,The Economist,1
2023,10,Twitter Facebook,1
2023,10,US line,1
2023,10,United Nations,1
2023,10,Uppsala University,1
2023,10,Profit Party,1
2023,10,Vassily Nebenzia,1
2023,10,Virginia Pietromarchi,1
2023,10,Washington DC,1
2023,10,Western capitals,1
2023,10,Z Zambia,1
2023,10,Zionist resistance,1
2023,10,a believer,1
2023,10,a choice,1
2023,10,a list,1
2023,10,a snack,1
2023,10,a snapshot,1
2023,10,Punishment of,1
2023,10,Policy Studies,1
2023,10,Israeli approval,1
2023,10,Mahmoud Abbas,1
2023,10,Israeli army,1
2023,10,Israeli attacks,1
2023,10,Israeli bombardment,1
2023,10,Israeli bombs,1
2023,10,Israeli civilian,1
2023,10,Israeli conflict,1
2023,10,Israeli soldiers,1
2023,10,Israeli territory,1
2023,10,It goes,1
2023,10,Jerusalem today,1
2023,10,Linus Bergman,1
2023,10,Muslim prayers,1
2023,10,People in,1
2023,10,Nahal Oz,1
2023,10,Nations convention,1
2023,10,Open TV,1
2023,10,Palestinian authorities,1
2023,10,Palestinian cause,1
2023,10,Palestinian defenders,1
2023,10,Palestinian history,1
2023,10,Palestinians he,1
2023,10,Palestinians in,1
2023,10,Parliament House,1
2023,10,PaulDoherty___ October,1
2023,09,same period,1
2023,09,s economy,1
2023,07,Sadil s,1
2023,09,right now,1
2023,07,of Assad,1
2023,07,on Gaza,1
2023,07,or trial,1
2023,07,over it,1
2023,07,percent of,1
2023,07,provide 15m,1
2023,07,remain unclear,1
2023,07,s Hezbollah,1
2023,07,sites in,1
2023,07,surely object,1
2023,07,take place,1
2023,07,the region,1
2023,07,the streets,1
2023,07,the world,1
2023,07,their eyes,1
2023,07,their side,1
2023,07,to apartheid,1
2023,07,to die,1
2023,07,to respond,1
2023,07,to treat,1
2023,07,to us,1
2023,07,with itself,1
2023,08,23 2023,1
2023,08,Israel policies,1
2023,08,Jenin occupied,1
2023,07,no future,1
2023,07,live fire,1
2023,07,in Palestinian,1
2023,07,by Palestinians,1
2023,07,UNGeneva July,1
2023,07,a decade,1
2023,07,action on,1
2023,07,an abyss,1
2023,07,and Nablus,1
2023,07,and beyond,1
2023,07,and people,1
2023,07,armed resistance,1
2023,07,artificial intelligence,1
2023,07,back again,1
2023,07,be ensured,1
2023,07,chanted against,1
2023,07,in 2003,1
2023,07,congresswomen said,1
2023,07,crimes judge,1
2023,07,defeat you,1
2023,07,discuss it,1
2023,07,ease tensions,1
2023,07,film Encanto,1
2023,07,growing disparity,1
2023,07,have discovered,1
2023,07,have increased,1
2023,07,he wrote,1
2023,07,identity of,1
2023,08,Nablus in,1
2023,08,Zionist entity,1
2023,08,and Facebook,1
2023,09,by Egypt,1
2023,08,years ago,1
2023,09,Aqaba occupied,1
2023,09,Hazem Qasem,1
2023,09,Israeli assaults,1
2023,09,N Tala,1
2023,09,September 20,1
2023,09,and Facebook,1
2023,09,are equal,1
2023,09,are he,1
2023,09,armed confrontations,1
2023,09,as defence,1
2023,09,direct collaboration,1
2023,08,was shot,1
2023,09,expected that,1
2023,09,harsher condemnation,1
2023,09,he added,1
2023,09,his dream,1
2023,09,houses in,1
2023,09,in Nur,1
2023,09,is dead,1
2023,09,its commitments,1
2023,09,normalisation with,1
2023,09,of 2023,1
2023,09,policy too,1
2023,08,with Israel,1
2023,08,war crime,1
2023,08,and terrorism,1
2023,08,muhammadshehad2 August,1
2023,08,are denied,1
2023,08,bond he,1
2023,08,both Palestinians,1
2023,08,fascist government,1
2023,08,from Iran,1
2023,08,he writes,1
2023,08,in 1948,1
2023,08,in 2006,1
2023,08,international law,1
2023,08,is alive,1
2023,08,latest killings,1
2023,08,my hands,1
2023,08,undivided capital,1
2023,08,normalisation push,1
2023,08,of force,1
2023,08,press organs,1
2023,08,recording deaths,1
2023,08,s laziness,1
2023,08,see it,1
2023,08,since 2014,1
2023,08,terrorist organisation,1
2023,08,that fact,1
2023,08,that time,1
2023,08,this year,1
2024,04,workers strikes,1
