year,1-gram,count
2023,stance,89
2024,2024,82
2023,2023,78
2024,stance,63
2023,here,56
2024,here,48
2021,stance,33
2023,YouTube,33
2024,YouTube,29
2022,stance,18
2023,Facebook,18
2023,Jazeera,13
2023,children,13
2023,editorial,13
2023,authorities,11
2023,he,10
2023,state,10
2023,closed,10
2023,200,10
2023,period,9
2023,added,9
2023,intelligence,9
2023,law,9
2023,7,8
2024,7,8
2023,war,8
2023,attacks,8
2024,closed,8
2022,Facebook,8
2024,editorial,8
2023,history,7
2024,Jazeera,7
2023,stop,7
2023,statement,7
2023,War,7
2023,conflict,7
2023,East,7
2024,139,7
2023,future,7
2023,again,6
2023,place,6
2023,them,6
2023,there,6
2023,die,6
2023,Palestine,6
2023,crisis,5
2022,state,5
2023,point,5
2023,this,5
2023,officials,5
2023,enclave,5
2023,injured,5
2021,editorial,5
2023,Nobani,5
2023,Egab,5
2023,day,5
2023,region,5
2022,2022,5
2024,famine,5
2023,rubble,5
2023,Gaza,5
2023,report,5
2024,soon,5
2023,13,4
2024,punishment,4
2021,community,4
2024,Palestinians,4
2023,happen,4
2022,territory,4
2024,Health,4
2023,identity,4
2023,now,4
2024,rubble,4
2023,humanity,4
2023,homes,4
2024,says,4
2023,life,4
2023,against,4
2023,organisation,4
2022,people,4
2023,take,4
2023,situation,4
2023,crimes,4
2024,future,4
2023,dead,4
2023,say,4
2022,arwaib,4
2023,community,4
2023,displaced,4
2023,comment,4
2023,civilians,4
2024,law,4
2023,charge,4
2023,peace,4
2023,live,4
2024,civilians,4
2023,soldiers,4
2023,southern,4
2022,it,4
2024,authorities,4
2022,out,4
2023,towards,4
2023,being,4
2024,added,4
2023,no,4
2023,Health,4
2023,about,4
2023,Saturday,4
2023,million,4
2023,ministry,4
2024,4,4
2023,us,4
2023,University,4
2023,past,3
2023,facilities,3
2024,States,3
2022,killing,3
2024,months,3
2023,calls,3
2023,can,3
2024,camp,3
2023,solution,3
2021,she,3
2023,end,3
2023,ceasefire,3
2024,clarity,3
2023,Nations,3
2023,other,3
2023,wounded,3
2023,it,3
2023,week,3
2024,attacks,3
2023,potential,3
2023,attack,3
2023,besieged,3
2024,population,3
2023,free,3
2023,people,3
2023,land,3
2024,women,3
2023,months,3
2024,territory,3
2023,suffering,3
2023,before,3
2024,against,3
2023,began,3
2023,genocide,3
2021,again,3
2023,month,3
2023,fire,3
2023,raids,3
2023,fighting,3
2023,account,3
2023,Humaid,3
2023,Beirut,3
2022,Jazeera,3
2022,City,3
2023,long,3
2023,defence,3
2024,he,3
2023,lives,3
2023,decade,3
2024,had,3
2024,group,3
2023,killed,3
2023,you,3
2023,days,3
2023,years,3
2024,expanding,3
2023,ruins,3
2023,return,3
2023,crime,3
2023,crossing,3
2021,Jazeera,3
2023,reported,3
2023,GMT,3
2024,comment,3
2024,death,3
2024,conflict,3
2023,Egypt,3
2023,close,3
2021,us,3
2023,she,3
2023,come,3
2023,Strip,3
2024,day,3
2023,House,3
2024,down,3
2024,deaths,3
2023,refuge,3
2023,dire,3
2023,died,3
2024,diplomacy,3
2023,conference,3
2023,detained,3
2022,attacks,3
2023,any,3
2023,bombardment,3
2023,graveyard,3
2024,DC,3
2023,inside,3
2024,reporters,3
2022,trial,3
2023,Peace,3
2023,all,3
2023,office,3
2023,ocean,3
2023,world,3
2021,bias,3
2024,security,3
2023,11,3
2024,side,3
2024,region,3
2023,1948,3
2023,20,3
2023,2006,3
2023,400,3
2023,needs,3
2023,Journalists,3
2023,Jerusalem,3
2023,4,3
2023,across,3
2023,new,3
2024,February,3
2024,talks,3
2023,many,3
2023,Iran,3
2024,Palestine,3
2023,terrorists,3
2023,Israelis,3
2023,vis,2
2024,days,2
2024,Criminal,2
2023,afraid,2
2023,Italy,2
2022,come,2
2023,communities,2
2023,villages,2
2022,citizen,2
2023,150,2
2023,completed,2
2024,about,2
2022,change,2
2022,condemnation,2
2023,seeing,2
2024,figures,2
2023,see,2
2024,000,2
2023,16,2
2024,House,2
2023,violation,2
2024,diplomat,2
2024,8,2
2023,assistance,2
2023,10,2
2023,clarity,2
2022,eternal,2
2023,simply,2
2024,condemnation,2
2023,citing,2
2023,civilian,2
2023,agency,2
2024,University,2
2022,do,2
2023,side,2
2023,clashes,2
2023,affairs,2
2023,sick,2
2023,AFP,2
2023,Studies,2
2022,responsible,2
2024,countries,2
2022,decades,2
2023,collapse,2
2024,crowds,2
2023,trying,2
2023,18,2
2023,weapon,2
2024,displaced,2
2022,standards,2
2024,enforce,2
2023,safety,2
2024,escalation,2
2023,anyone,2
2024,evacuate,2
2023,25,2
2023,women,2
2023,cooking,2
2023,year,2
2023,countries,2
2022,across,2
2023,26,2
2023,wrote,2
2024,eyes,2
2023,27,2
2023,role,2
2022,about,2
2023,violence,2
2023,achieve,2
2023,territory,2
2023,300,2
2023,control,2
2023,anything,2
2022,years,2
2023,sanctity,2
2023,annually,2
2023,around,2
2023,scarier,2
2023,consequences,2
2023,1967,2
2023,tensions,2
2023,access,2
2023,Justice,2
2023,says,2
2023,another,2
2023,save,2
2022,since,2
2024,Schei,2
2023,we,2
2023,according,2
2023,territories,2
2023,2014,2
2024,elections,2
2023,continued,2
2023,continues,2
2023,too,2
2023,choice,2
2023,terrorism,2
2022,year,2
2022,ministry,2
2024,Nations,2
2023,Cameron,2
2024,allies,2
2023,March,2
2023,between,2
2023,beyond,2
2023,attacked,2
2022,outraged,2
2023,Committee,2
2023,blessing,2
2022,now,2
2023,Party,2
2023,33,2
2023,step,2
2023,bombing,2
2023,things,2
2023,Palestinians,2
2022,nations,2
2023,well,2
2023,both,2
2024,article,2
2022,period,2
2024,aid,2
2023,alone,2
2023,supplies,2
2024,abuse,2
2023,back,2
2022,take,2
2023,survive,2
2023,beastly,2
2023,theirs,2
2022,process,2
2024,across,2
2023,support,2
2023,away,2
2024,ago,2
2022,territories,2
2023,Watch,2
2023,been,2
2023,Miller,2
2023,Authority,2
2023,Middle,2
2023,success,2
2022,this,2
2022,three,2
2023,started,2
2023,start,2
2023,ISIS,2
2024,assault,2
2023,soon,2
2024,captive,2
2023,somehow,2
2024,car,2
2023,ah,2
2023,catastrophe,2
2023,Court,2
2023,time,2
2023,UNRWA,2
2023,London,2
2023,DC,2
2023,snapshot,2
2024,child,2
2023,six,2
2024,24,2
2023,Africa,2
2023,Affairs,2
2023,will,2
2022,world,2
2023,aggression,2
2023,agenda,2
2024,campaign,2
2023,through,2
2023,captives,2
2022,killings,2
2022,make,2
2022,unjust,2
2023,breathe,2
2022,lives,2
2023,stand,2
2023,Arabia,2
2023,Palestinian,2
2023,stability,2
2022,law,2
2023,alive,2
2022,independent,2
2022,justice,2
2023,unprecedented,2
2024,London,2
2023,camp,2
2023,campaign,2
2023,Arab,2
2023,air,2
2023,capabilities,2
2023,capacity,2
2022,protection,2
2023,continue,2
2021,12,2
2023,earlier,2
2021,report,2
2023,estimates,2
2023,every,2
2023,need,2
2024,stops,2
2021,progress,2
2024,step,2
2024,states,2
2024,statement,2
2024,state,2
2024,starvation,2
2021,possible,2
2021,percent,2
2021,people,2
2021,peace,2
2024,nothing,2
2021,citizens,2
2023,face,2
2021,click,2
2023,families,2
2024,official,2
2024,ministry,2
2023,equipment,2
2023,protect,2
2021,state,2
2023,invasion,2
2021,threat,2
2021,this,2
2021,them,2
2024,last,2
2023,eating,2
2024,later,2
2023,moment,2
2024,them,2
2024,temporary,2
2021,betrayal,2
2021,solution,2
2023,mostly,2
2023,instead,2
2023,encouraging,2
2023,insecurity,2
2023,push,2
2024,support,2
2023,ensured,2
2023,nation,2
2023,nine,2
2021,conflict,2
2023,identities,2
2023,harvardpsc,2
2024,five,2
2023,own,2
2023,hell,2
2023,held,2
2023,heading,2
2024,resolution,2
2023,ones,2
2023,over,2
2023,hate,2
2023,others,2
2023,help,2
2024,protect,2
2023,governed,2
2023,order,2
2023,operations,2
2024,remaining,2
2024,released,2
2021,go,2
2023,hands,2
2023,hand,2
2024,right,2
2023,from,2
2021,occupation,2
2023,occupation,2
2023,northern,2
2021,crime,2
2024,sheltering,2
2021,motivated,2
2024,out,2
2021,members,2
2023,hospitals,2
2023,force,2
2024,peace,2
2023,occupied,2
2023,offensive,2
2023,home,2
2023,form,2
2021,do,2
2023,forward,2
2024,place,2
2021,done,2
2023,freedom,2
2021,it,2
2021,issue,2
2021,towards,2
2021,second,2
2023,halt,2
2023,leave,2
2023,make,2
2023,responsibility,2
2023,response,2
2021,Nablus,2
2023,resistance,2
2023,left,2
2021,wounded,2
2024,harm,2
2023,members,2
2022,Hague,2
2021,years,2
2024,intelligence,2
2023,matter,2
2021,Ramadan,2
2024,way,2
2023,released,2
2023,killings,2
2021,Jubeh,2
2024,us,2
2023,media,2
2022,250,2
2023,last,2
2023,later,2
2024,water,2
2024,war,2
2023,destroy,2
2021,week,2
2024,government,2
2024,itself,2
2024,year,2
2024,wounded,2
2023,reason,2
2024,jails,2
2021,2020,2
2021,Addameer,2
2022,Strip,2
2023,custody,2
2021,Salem,2
2023,longer,2
2023,damage,2
2024,justice,2
2024,years,2
2023,military,2
2021,1967,2
2023,toe,1
2023,maths,1
2023,massive,1
2023,today,1
2023,voting,1
2023,themselves,1
2023,obligations,1
2023,to,1
2023,me,1
2023,one,1
2023,object,1
2023,number,1
2023,masse,1
2023,together,1
2023,voted,1
2023,nothing,1
2023,note,1
2023,visitors,1
2023,visiting,1
2023,north,1
2023,viscerally,1
2023,notice,1
2023,love,1
2023,maintain,1
2023,officer,1
2023,want,1
2023,once,1
2023,on,1
2023,thousands,1
2023,offing,1
2023,they,1
2023,threat,1
2023,man,1
2023,throughout,1
2023,marching,1
2023,ties,1
2023,wallets,1
2023,waiting,1
2023,tired,1
2023,wait,1
2023,then,1
2023,tolerable,1
2023,mass,1
2023,ongoing,1
2023,these,1
2023,m,1
2023,lower,1
2023,massacre,1
2023,wafts,1
2023,online,1
2023,low,1
2023,vulnerable,1
2023,occupy,1
2023,operates,1
2023,occupier,1
2023,nonsensical,1
2023,minimally,1
2023,toll,1
2023,muhammadshehad2,1
2023,unfit,1
2023,much,1
2023,undivided,1
2023,via,1
2023,metres,1
2023,uncovered,1
2023,messages,1
2023,unconscious,1
2023,most,1
2023,unclear,1
2023,unbearable,1
2023,unanimous,1
2023,their,1
2023,viable,1
2023,must,1
2023,names,1
2023,move,1
2023,unforgiving,1
2023,mercy,1
2023,uphold,1
2023,unsuccessful,1
2023,unrealistic,1
2023,unproven,1
2023,until,1
2023,missing,1
2023,mistaken,1
2023,up,1
2023,urgent,1
2023,vacuum,1
2023,unpopular,1
2023,urgently,1
2023,morning,1
2023,migration,1
2023,midnight,1
2023,unleashed,1
2023,uninhabitable,1
2023,unacceptable,1
2023,two,1
2023,non,1
2023,traffic,1
2023,treated,1
2023,mediation,1
2023,never,1
2023,translator,1
2023,news,1
2023,transferred,1
2023,next,1
2023,means,1
2023,medicine,1
2023,viral,1
2023,ministers,1
2023,toothpaste,1
2023,night,1
2023,mean,1
2023,tomorrow,1
2023,nightmare,1
2023,mediator,1
2023,member,1
2023,view,1
2023,nations,1
2023,merciful,1
2023,nationalities,1
2023,memory,1
2023,truth,1
2023,violating,1
2023,truce,1
2023,nationals,1
2023,nature,1
2023,violations,1
2023,nearly,1
2023,tricky,1
2023,trial,1
2023,negotiations,1
2023,neighbourhood,1
2023,neighbours,1
2023,treatment,1
2023,torture,1
2023,risk,1
2023,opponents,1
2023,the,1
2023,reads,1
2023,readying,1
2023,reality,1
2023,shots,1
2023,shot,1
2023,shortage,1
2023,shoot,1
2023,reasonableness,1
2023,shelter,1
2023,reasons,1
2023,shells,1
2023,rebuilding,1
2023,recognised,1
2023,reconsider,1
2023,several,1
2023,session,1
2023,record,1
2023,recovery,1
2023,reduced,1
2023,serving,1
2023,referring,1
2023,reforming,1
2023,sending,1
2023,siding,1
2023,readiness,1
2023,reach,1
2023,sky,1
2023,purchases,1
2023,pursuing,1
2023,pushing,1
2023,society,1
2023,so,1
2023,question,1
2023,snack,1
2023,smile,1
2023,quickly,1
2023,skyrocketed,1
2023,skateboarder,1
2023,sight,1
2023,situations,1
2023,quiet,1
2023,quitters,1
2023,rages,1
2023,raid,1
2023,sites,1
2023,single,1
2023,since,1
2023,silent,1
2023,re,1
2023,refuelling,1
2023,self,1
2023,regime,1
2023,run,1
2023,residents,1
2023,resign,1
2023,resolution,1
2023,respected,1
2023,safely,1
2023,safeguarded,1
2023,responsibilities,1
2023,sacrifice,1
2023,running,1
2023,responsible,1
2023,resumed,1
2023,sanitisation,1
2023,resumption,1
2023,ruined,1
2023,retreat,1
2023,retribution,1
2023,root,1
2023,returning,1
2023,revenge,1
2023,right,1
2023,roads,1
2023,risks,1
2023,warfare,1
2023,represent,1
2023,seen,1
2023,scope,1
2023,seems,1
2023,releasing,1
2023,relief,1
2023,security,1
2023,secure,1
2023,section,1
2023,sea,1
2023,relocate,1
2023,screen,1
2023,remarked,1
2023,remediation,1
2023,reports,1
2023,scientists,1
2023,scholar,1
2023,scene,1
2023,remind,1
2023,reopen,1
2023,scarves,1
2023,repeats,1
2023,repercussions,1
2023,replaced,1
2023,reporters,1
2023,punishment,1
2023,provided,1
2023,something,1
2023,performance,1
2023,sympathetic,1
2023,patients,1
2023,sway,1
2023,patrol,1
2023,swap,1
2023,pauses,1
2023,sustainable,1
2023,survival,1
2023,surrender,1
2023,percent,1
2023,permeates,1
2023,system,1
2023,perpetrators,1
2023,phase,1
2023,plants,1
2023,playing,1
2023,podcast,1
2023,stuck,1
2023,pointless,1
2023,points,1
2023,struggle,1
2023,populations,1
2023,party,1
2023,table,1
2023,possible,1
2023,terminated,1
2023,than,1
2023,opportunity,1
2023,opposed,1
2023,oppression,1
2023,options,1
2023,organs,1
2023,origin,1
2023,outbreak,1
2023,outdoors,1
2023,termination,1
2023,outside,1
2023,tactics,1
2023,overcrowded,1
2023,tension,1
2023,temple,1
2023,telling,1
2023,tell,1
2023,targets,1
2023,targeted,1
2023,overflowing,1
2023,talks,1
2023,overseas,1
2023,position,1
2023,post,1
2023,somewhere,1
2023,speaking,1
2023,project,1
2023,projects,1
2023,spokesperson,1
2023,split,1
2023,promote,1
2023,propaganda,1
2023,spell,1
2023,proper,1
2023,spectrum,1
2023,specialist,1
2023,spaces,1
2023,productive,1
2023,property,1
2023,prospect,1
2023,space,1
2023,prospects,1
2023,southeastern,1
2023,south,1
2023,protection,1
2023,source,1
2023,sorts,1
2023,proud,1
2023,profession,1
2023,probably,1
2023,strikes,1
2023,prayers,1
2023,posted,1
2023,posts,1
2023,power,1
2023,strike,1
2023,powerful,1
2023,strengthening,1
2023,streets,1
2023,powers,1
2023,strategy,1
2023,stopped,1
2023,pretzel,1
2023,pro,1
2023,prevail,1
2023,statements,1
2023,previous,1
2023,starvation,1
2023,price,1
2023,pride,1
2023,principles,1
2023,starlink,1
2023,standards,1
2023,prisons,1
2017,06,1
2024,GerAmbTLV,1
2023,warning,1
2024,news,1
2024,necessary,1
2024,need,1
2024,negative,1
2024,negotiated,1
2024,negotiator,1
2024,neighbourhood,1
2024,neighbours,1
2024,night,1
2024,motivate,1
2024,notice,1
2024,number,1
2024,obliterated,1
2024,occupation,1
2024,ochaopt,1
2024,offensive,1
2024,office,1
2024,multiple,1
2024,more,1
2024,old,1
2024,maniac,1
2024,lives,1
2024,living,1
2024,longer,1
2024,lose,1
2024,loss,1
2024,mahmoud,1
2024,making,1
2024,many,1
2024,monitor,1
2024,meetings,1
2024,mess,1
2024,million,1
2024,minute,1
2024,misconceived,1
2024,mistake,1
2024,mobile,1
2024,officials,1
2024,on,1
2024,foresee,1
2024,policies,1
2024,permanent,1
2024,persists,1
2024,person,1
2024,pivot,1
2024,placate,1
2024,point,1
2024,polarised,1
2024,policy,1
2024,percent,1
2024,political,1
2024,politics,1
2024,populations,1
2024,position,1
2024,possibility,1
2024,possible,1
2024,posted,1
2024,period,1
2024,people,1
2024,one,1
2024,option,1
2024,ongoing,1
2024,operate,1
2024,operates,1
2024,operation,1
2024,operations,1
2024,opposed,1
2024,oppressors,1
2024,or,1
2024,patrolled,1
2024,orchestrated,1
2024,order,1
2024,organisations,1
2024,our,1
2024,overwhelming,1
2024,part,1
2024,past,1
2024,live,1
2024,little,1
2024,lines,1
2024,horrendous,1
2024,happening,1
2024,haunt,1
2024,held,1
2024,hesitate,1
2024,him,1
2024,homeland,1
2024,hope,1
2024,horticulture,1
2024,growth,1
2024,host,1
2024,hostages,1
2024,hour,1
2024,hours,1
2024,houses,1
2024,hungry,1
2024,if,1
2024,handed,1
2024,grieve,1
2024,lights,1
2024,functional,1
2024,forgotten,1
2024,found,1
2024,freed,1
2024,front,1
2024,fronts,1
2024,fruitless,1
2024,fuel,1
2024,further,1
2024,governance,1
2024,futility,1
2024,gains,1
2024,gathering,1
2024,global,1
2024,globally,1
2024,goal,1
2024,goals,1
2024,imminent,1
2024,imperative,1
2024,implemented,1
2024,lands,1
2024,jail,1
2024,journalist,1
2024,kibbutz,1
2024,kick,1
2024,kill,1
2024,kitchen,1
2024,lamented,1
2024,lasting,1
2024,impossibility,1
2024,leaders,1
2024,leave,1
2024,led,1
2024,legitimate,1
2024,liability,1
2024,liberation,1
2024,light,1
2024,issues,1
2024,investigations,1
2024,investigated,1
2024,investigate,1
2024,in,1
2024,including,1
2024,incursion,1
2024,independence,1
2024,influx,1
2024,infrastructure,1
2024,injuries,1
2024,instead,1
2024,intensify,1
2024,intentional,1
2024,interests,1
2024,international,1
2024,internationally,1
2024,intimidation,1
2024,invasion,1
2024,posts,1
2024,potential,1
2024,power,1
2024,throughout,1
2024,terrorists,1
2024,there,1
2024,these,1
2024,things,1
2024,think,1
2024,this,1
2024,through,1
2024,time,1
2024,tensions,1
2024,told,1
2024,tomorrow,1
2024,too,1
2024,total,1
2024,towards,1
2024,traffic,1
2024,treaty,1
2024,territories,1
2024,tectonic,1
2024,stopping,1
2024,suit,1
2024,strip,1
2024,stripped,1
2024,stuck,1
2024,studies,1
2024,suffer,1
2024,suffers,1
2024,suggested,1
2024,supplied,1
2024,targets,1
2024,survive,1
2024,system,1
2024,take,1
2024,takes,1
2024,tallies,1
2024,tank,1
2024,target,1
2024,two,1
2024,unconditionally,1
2024,underscored,1
2024,without,1
2024,well,1
2024,when,1
2024,whole,1
2024,why,1
2024,wider,1
2024,wished,1
2024,within,1
2024,wondering,1
2024,unforgivable,1
2024,wordless,1
2024,work,1
2024,workweek,1
2024,world,1
2024,worsens,1
2024,yet,1
2024,zones,1
2024,websites,1
2024,website,1
2024,weaponry,1
2024,weaponizing,1
2024,unfortunately,1
2024,unlawfulness,1
2024,unprecedented,1
2024,until,1
2024,urge,1
2024,victory,1
2024,violate,1
2024,violence,1
2024,votes,1
2024,wait,1
2024,want,1
2024,warned,1
2024,waterway,1
2024,we,1
2024,weapon,1
2024,strikes,1
2024,stopped,1
2024,practical,1
2024,request,1
2024,regionally,1
2024,relation,1
2024,remains,1
2024,reported,1
2024,represent,1
2024,reprisal,1
2024,reprisals,1
2024,researchers,1
2024,recognise,1
2024,resign,1
2024,resistance,1
2024,restaurants,1
2024,result,1
2024,results,1
2024,retaliatory,1
2024,retribution,1
2024,recognition,1
2024,received,1
2024,stop,1
2024,programmes,1
2024,pre,1
2024,preliminary,1
2024,prepared,1
2024,present,1
2024,press,1
2024,pressure,1
2024,price,1
2024,progress,1
2024,rebuilt,1
2024,protest,1
2024,protracted,1
2024,psychologist,1
2024,question,1
2024,raise,1
2024,ranking,1
2024,reality,1
2024,return,1
2024,revive,1
2024,rolls,1
2024,source,1
2024,shocks,1
2024,sides,1
2024,signatories,1
2024,silence,1
2024,sin,1
2024,since,1
2024,something,1
2024,southern,1
2024,roof,1
2024,sovereign,1
2024,sovereignty,1
2024,spark,1
2024,staffer,1
2024,start,1
2024,started,1
2024,still,1
2024,shipping,1
2024,shelter,1
2024,she,1
2024,shadowbanned,1
2024,roots,1
2024,ruins,1
2024,sadly,1
2024,sadness,1
2024,safe,1
2024,said,1
2024,same,1
2024,sanitation,1
2024,say,1
2024,scale,1
2024,securely,1
2024,selling,1
2024,services,1
2024,settlements,1
2024,settlers,1
2024,forget,1
2024,flourish,1
2023,water,1
2024,Ministry,1
2024,Leyen,1
2024,Likud,1
2024,Long,1
2024,Look,1
2024,MI,1
2024,Mayorkas,1
2024,Milosevic,1
2024,Netanyahu,1
2024,Legislative,1
2024,Nicolai,1
2024,No,1
2024,November,1
2024,Now,1
2024,Ntshinga,1
2024,Obeid,1
2024,Palestine_UN,1
2024,Lemapal,1
2024,Kosovo,1
2024,Paul,1
2024,Initiative,1
2024,Hamoud,1
2024,Harb,1
2024,Hashem,1
2024,Hodzic,1
2024,Houthi,1
2024,HuffPost,1
2024,ISIS,1
2024,Institute,1
2024,Kingdom,1
2024,InstituteGC,1
2024,Iranian,1
2024,Israel,1
2024,IsraeliPM,1
2024,January,1
2024,Jerusalem,1
2024,Justice,1
2024,Patel,1
2024,Police,1
2024,firing,1
2024,Writer,1
2024,UNWRA,1
2024,Ukraine,1
2024,Union,1
2024,WCKitchen,1
2024,Watch,1
2024,Wednesday,1
2024,WhiteHouse,1
2024,Year,1
2024,UAE,1
2024,Yehuda,1
2024,Zaim,1
2024,abuses,1
2024,accept,1
2024,access,1
2024,according,1
2024,account,1
2024,UNRWA,1
2024,Times,1
2024,Project,1
2024,Seas,1
2024,Protect,1
2024,Punishment,1
2024,Qatar,1
2024,Ramallah,1
2024,Republic,1
2024,Risch,1
2024,Saturday,1
2024,State,1
2024,Thursday,1
2024,Strip,1
2024,Studies,1
2024,Study,1
2024,Sunday,1
2024,Syria,1
2024,System,1
2024,Territory,1
2024,Halkett,1
2024,Guest,1
2024,Group,1
2024,19,1
2023,your,1
2023,zone,1
2023,zones,1
2024,100,1
2024,12,1
2024,140,1
2024,15,1
2024,1948,1
2023,wrong,1
2024,1967,1
2024,1988,1
2024,2,1
2024,2008,1
2024,2014,1
2024,2022,1
2024,2023,1
2023,yet,1
2023,writes,1
2024,Globalization,1
2023,whom,1
2023,weapons,1
2023,weeks,1
2023,wept,1
2023,what,1
2023,where,1
2023,while,1
2023,whitewash,1
2023,why,1
2023,wounds,1
2023,willful,1
2023,win,1
2023,worried,1
2023,worse,1
2023,worshippers,1
2023,worst,1
2023,worthless,1
2024,26,1
2024,29,1
2024,30,1
2024,Europe,1
2024,City,1
2024,Committee,1
2024,Damascus,1
2024,December,1
2024,Egab,1
2024,Eid,1
2024,End,1
2024,Ex,1
2024,31,1
2024,Fendi,1
2024,Forces,1
2024,France,1
2024,Freedom,1
2024,Friday,1
2024,Gaza,1
2023,ll,1
2024,Cameron,1
2024,Call,1
2024,CENTCOM,1
2024,Building,1
2024,509,1
2024,9,1
2024,Abbott,1
2024,Abdullah,1
2024,Affairs,1
2024,Africa,1
2024,Agency,1
2024,Arabia,1
2024,Asia,1
2024,Association,1
2024,Balah,1
2024,Bank,1
2024,Bath,1
2024,Brisbane,1
2024,Brussels,1
2024,accountable,1
2024,action,1
2024,acts,1
2024,deeply,1
2024,cruise,1
2024,crushed,1
2024,cyberspace,1
2024,damaged,1
2024,danger,1
2024,dead,1
2024,decade,1
2024,dehumanising,1
2024,crimes,1
2024,delegation,1
2024,deliver,1
2024,delivered,1
2024,delivering,1
2024,dependence,1
2024,devastating,1
2024,died,1
2024,criminalised,1
2024,crackdowns,1
2024,commitment,1
2024,consider,1
2024,compromises,1
2024,concludes,1
2024,conditions,1
2024,confinement,1
2024,conflagration,1
2024,conform,1
2024,conscience,1
2024,consideration,1
2024,country,1
2024,content,1
2024,continuation,1
2024,continues,1
2024,contradictions,1
2024,convention,1
2024,corner,1
2024,costs,1
2024,difference,1
2024,different,1
2024,dignity,1
2024,expect,1
2024,enter,1
2024,entire,1
2024,evacuated,1
2024,evacuees,1
2024,excluding,1
2024,execution,1
2024,exit,1
2024,expressions,1
2024,disability,1
2024,extend,1
2024,facilitated,1
2024,facing,1
2024,fashion,1
2024,fed,1
2024,feels,1
2024,fighters,1
2024,enough,1
2024,end,1
2024,enclave,1
2024,emergency,1
2024,disgraceful,1
2024,displace,1
2024,distinguish,1
2024,do,1
2024,doing,1
2024,don,1
2024,dream,1
2024,duration,1
2024,dwindles,1
2024,earlier,1
2024,echo,1
2024,economy,1
2024,election,1
2024,eliminating,1
2024,else,1
2024,community,1
2024,comfort,1
2024,adviser,1
2024,asked,1
2024,approach,1
2024,approaches,1
2024,approval,1
2024,area,1
2024,armed,1
2024,arsenal,1
2024,aside,1
2024,asserted,1
2024,appealed,1
2024,assets,1
2024,attending,1
2024,author,1
2024,awarded,1
2024,back,1
2024,base,1
2024,basis,1
2024,applause,1
2024,apartheid,1
2024,comedian,1
2024,also,1
2024,affairs,1
2024,again,1
2024,agencies,1
2024,agency,1
2024,agenda,1
2024,aggression,1
2024,agreements,1
2024,altogether,1
2024,apart,1
2024,ammunition,1
2024,among,1
2024,an,1
2024,analyst,1
2024,anger,1
2024,anonymity,1
2024,anyone,1
2024,because,1
2024,behaviour,1
2024,behind,1
2024,cheaper,1
2024,cause,1
2024,ceasefire,1
2024,celebrate,1
2024,cell,1
2024,centre,1
2024,change,1
2024,channel,1
2024,children,1
2024,beings,1
2024,choice,1
2024,cities,1
2024,citizen,1
2024,citizenship,1
2024,coexistence,1
2024,combatants,1
2024,come,1
2024,catastrophic,1
2024,captives,1
2024,capacity,1
2024,cancelled,1
2024,benefits,1
2024,better,1
2024,beyond,1
2024,blame,1
2024,bond,1
2024,borders,1
2024,box,1
2024,break,1
2024,breath,1
2024,brought,1
2024,burial,1
2024,business,1
2024,by,1
2024,call,1
2024,campaigning,1
2023,locations,1
2023,functions,1
2023,living,1
2022,assert,1
2022,apartheid,1
2022,appalled,1
2022,appeasement,1
2022,area,1
2022,around,1
2022,arrested,1
2022,assassination,1
2022,assistance,1
2022,accept,1
2022,atrocities,1
2022,audio,1
2022,authority,1
2022,basic,1
2022,been,1
2022,besieged,1
2022,bet,1
2022,annually,1
2022,always,1
2022,also,1
2022,already,1
2022,account,1
2022,accountability,1
2022,accountable,1
2022,activism,1
2022,add,1
2022,added,1
2022,additional,1
2022,addressed,1
2022,administration,1
2022,again,1
2022,against,1
2022,agency,1
2022,ago,1
2022,agreement,1
2022,allowed,1
2022,bilateral,1
2022,boat,1
2022,breaks,1
2022,concessions,1
2022,consequences,1
2022,coordination,1
2022,country,1
2022,courts,1
2022,criminal,1
2022,criticised,1
2022,days,1
2022,death,1
2022,defence,1
2022,dehumanization,1
2022,deliveries,1
2022,demand,1
2022,demolishes,1
2022,destabilisation,1
2022,die,1
2022,conflict,1
2022,concern,1
2022,burial,1
2022,community,1
2022,cages,1
2022,call,1
2022,capital,1
2022,carried,1
2022,cause,1
2022,celebration,1
2022,centre,1
2022,charge,1
2022,checkpoints,1
2022,children,1
2022,citizenship,1
2022,clashes,1
2022,collusion,1
2022,coming,1
2022,comment,1
2022,according,1
2022,abroad,1
2021,walk,1
2022,Beirut,1
2022,74,1
2022,AgnesCallamard,1
2022,Akleh,1
2022,Alsahli,1
2022,Arabia,1
2022,Audio,1
2022,Bank,1
2022,Bennett,1
2022,above,1
2022,CC,1
2022,Council,1
2022,DC,1
2022,Development,1
2022,EP_President,1
2022,East,1
2022,Haaretz,1
2022,62,1
2022,4QOZtXbq2Y,1
2022,40,1
2022,25,1
2021,were,1
2021,what,1
2021,when,1
2021,with,1
2021,work,1
2021,worse,1
2021,you,1
2022,100,1
2022,12,1
2022,13,1
2022,15,1
2022,2000s,1
2022,2005,1
2022,2016,1
2022,2020,1
2022,Hamada,1
2022,Hill,1
2022,Horowitz,1
2022,RepRashida,1
2022,School,1
2022,September,1
2022,Shabbat,1
2022,Sous,1
2022,Sweden,1
2022,Territories,1
2022,TheTakePod,1
2022,Tubas,1
2022,US,1
2022,USCPR_,1
2022,University,1
2022,Wednesday,1
2022,Year,1
2022,Yemen,1
2022,_ZachFoster,1
2022,Rimawi,1
2022,RepCori,1
2022,Humaid,1
2022,PJS,1
2022,International,1
2022,Intifada,1
2022,Israel,1
2022,July,1
2022,Katz,1
2022,London,1
2022,Maliactu,1
2022,March,1
2022,Middle,1
2022,Mohammed,1
2022,Mount,1
2022,Mustafa,1
2022,Najjar,1
2022,November,1
2022,OK,1
2022,differences,1
2022,dignity,1
2022,diplomat,1
2022,power,1
2022,permanent,1
2022,perpetrators,1
2022,plan,1
2022,point,1
2022,policies,1
2022,position,1
2022,posts,1
2022,practices,1
2022,discuss,1
2022,preserve,1
2022,press,1
2022,pressure,1
2022,prison,1
2022,privilege,1
2022,probe,1
2022,pronounced,1
2022,peace,1
2022,past,1
2022,part,1
2022,painful,1
2022,murder,1
2022,myself,1
2022,nearby,1
2022,negotiator,1
2022,news,1
2022,next,1
2022,nine,1
2022,northern,1
2022,occupier,1
2022,occupies,1
2022,onto,1
2022,organisations,1
2022,others,1
2022,outcome,1
2022,overturns,1
2022,protest,1
2022,pump,1
2022,punish,1
2022,safety,1
2022,salute,1
2022,sanctions,1
2022,sentences,1
2022,session,1
2022,settlers,1
2022,several,1
2022,shooting,1
2022,side,1
2022,sign,1
2022,site,1
2022,six,1
2022,size,1
2022,soldier,1
2022,solidarity,1
2022,sort,1
2022,said,1
2022,roles,1
2022,raids,1
2022,rockets,1
2022,reach,1
2022,reached,1
2022,read,1
2022,recent,1
2022,region,1
2022,release,1
2022,released,1
2022,report,1
2022,reported,1
2022,residents,1
2022,resistance,1
2022,response,1
2022,responsibility,1
2022,right,1
2022,rights,1
2022,movements,1
2022,moribund,1
2022,moment,1
2022,fear,1
2022,fighting,1
2022,fires,1
2022,first,1
2022,flags,1
2022,for,1
2022,forces,1
2022,forever,1
2022,formed,1
2022,forward,1
2022,freely,1
2022,fundamental,1
2022,future,1
2022,goods,1
2022,government,1
2022,governments,1
2022,fight,1
2022,far,1
2022,happen,1
2022,factions,1
2022,dozens,1
2022,earlier,1
2022,editorial,1
2022,efforts,1
2022,elected,1
2022,election,1
2022,end,1
2022,endure,1
2022,entrench,1
2022,ever,1
2022,evidence,1
2022,exhilarate,1
2022,explained,1
2022,explosion,1
2022,facilities,1
2022,guide,1
2022,haul,1
2022,million,1
2022,interviews,1
2022,itself,1
2022,join,1
2022,journalist,1
2022,killed,1
2022,laden,1
2022,launched,1
2022,leaders,1
2022,leadership,1
2022,legally,1
2022,like,1
2022,longstanding,1
2022,mainly,1
2022,many,1
2022,merely,1
2022,miles,1
2022,involvement,1
2022,intervene,1
2022,he,1
2022,intensify,1
2022,heated,1
2022,held,1
2022,help,1
2022,history,1
2022,hopes,1
2022,iPaper,1
2022,impartial,1
2022,impunity,1
2022,included,1
2022,inclusive,1
2022,individual,1
2022,injured,1
2022,injustice,1
2022,inspections,1
2022,institution,1
2021,war,1
2021,wake,1
2023,lived,1
2021,cities,1
2021,ceasefire,1
2021,chairing,1
2021,changed,1
2021,checkpoint,1
2021,child,1
2021,children,1
2021,circumstances,1
2021,cold,1
2021,authority,1
2021,come,1
2021,committed,1
2021,communities,1
2021,comply,1
2021,compound,1
2021,concentrating,1
2021,conditions,1
2021,catastrophe,1
2021,captivity,1
2021,camp,1
2021,calls,1
2021,backing,1
2021,barriers,1
2021,beatings,1
2021,beauty,1
2021,behaviour,1
2021,beliefs,1
2021,big,1
2021,bleak,1
2021,bombs,1
2021,border,1
2021,both,1
2021,breathe,1
2021,brokered,1
2021,bullets,1
2021,bureaucracy,1
2021,constituents,1
2021,consumer,1
2021,context,1
2021,disappear,1
2021,drove,1
2021,earlier,1
2021,election,1
2021,elections,1
2021,email,1
2021,enclave,1
2021,enemies,1
2021,enemy,1
2021,enough,1
2021,enter,1
2021,erase,1
2021,error,1
2021,evenings,1
2021,exceptions,1
2021,explosions,1
2021,disguised,1
2021,directors,1
2021,controlled,1
2021,difficulties,1
2021,cuddling,1
2021,custody,1
2021,cycle,1
2021,danger,1
2021,dangerous,1
2021,death,1
2021,decisions,1
2021,defence,1
2021,defending,1
2021,demands,1
2021,designation,1
2021,deter,1
2021,deterred,1
2021,developments,1
2021,died,1
2021,away,1
2021,attack,1
2021,very,1
2021,East,1
2021,Chehayeb,1
2021,City,1
2021,Delicious,1
2021,Doha,1
2021,Donald,1
2021,Dublin,1
2021,EU,1
2021,Edited,1
2021,asserted,1
2021,Elneny,1
2021,Eventually,1
2021,Executive,1
2021,For,1
2021,Friday,1
2021,Germany,1
2021,Health,1
2021,Bet,1
2021,Beirut,1
2021,Bank,1
2021,AsadHashim,1
2021,14,1
2021,2,1
2021,2000,1
2021,2014,1
2021,2021,1
2021,24,1
2021,26,1
2021,34,1
2021,54,1
2021,600,1
2021,8,1
2021,AdalahJustice,1
2021,Amnesty,1
2021,Amra,1
2021,Apartheid,1
2021,Hodali,1
2021,Jerusalemites,1
2021,Jones,1
2021,Twitter,1
2021,Uncensored,1
2021,War,1
2021,Whanganui,1
2021,abroad,1
2021,abuses,1
2021,according,1
2021,agency,1
2021,ago,1
2021,alive,1
2021,also,1
2021,and,1
2021,another,1
2021,answer,1
2021,area,1
2021,arriving,1
2021,UNICEF,1
2021,TheTakePod,1
2021,Judaise,1
2021,TamaraINassar,1
2021,June,1
2021,LinahAlsaafin,1
2021,London,1
2021,Marai,1
2021,Mubarak,1
2021,NATO,1
2021,Nicola,1
2021,No,1
2021,Palestinians,1
2021,Pasadena,1
2021,Price,1
2021,Sea,1
2021,SenSanders,1
2021,Sidoti,1
2021,Studies,1
2021,extending,1
2021,facilities,1
2021,factions,1
2021,provide,1
2021,powers,1
2021,presence,1
2021,pressure,1
2021,prison,1
2021,process,1
2021,project,1
2021,promoted,1
2021,quickly,1
2021,falling,1
2021,real,1
2021,recognised,1
2021,record,1
2021,refrain,1
2021,religious,1
2021,return,1
2021,revoked,1
2021,power,1
2021,possibility,1
2021,picture,1
2021,pain,1
2021,notice,1
2021,office,1
2021,once,1
2021,one,1
2021,opposition,1
2021,oppressor,1
2021,or,1
2021,org,1
2021,organisation,1
2021,organisations,1
2021,ourselves,1
2021,outbreak,1
2021,over,1
2021,overnight,1
2021,own,1
2021,rocket,1
2021,rulers,1
2021,rules,1
2021,suffering,1
2021,targets,1
2021,terms,1
2021,than,1
2021,time,1
2021,too,1
2021,troubles,1
2021,tweeted,1
2021,ultimately,1
2021,unified,1
2021,uninhabitable,1
2021,uninterrupted,1
2021,unjust,1
2021,uprising,1
2021,value,1
2021,various,1
2021,taken,1
2021,strikes,1
2021,safety,1
2021,stop,1
2021,sales,1
2021,seen,1
2021,settlements,1
2021,settlers,1
2021,seven,1
2021,several,1
2021,sharing,1
2021,shelters,1
2021,signatures,1
2021,silent,1
2021,situation,1
2021,social,1
2021,speech,1
2021,spokesperson,1
2021,statehood,1
2021,noted,1
2021,not,1
2021,nine,1
2021,half,1
2021,hard,1
2021,harmful,1
2021,he,1
2021,help,1
2021,here,1
2021,highest,1
2021,himself,1
2021,histories,1
2021,history,1
2021,honourably,1
2021,hopes,1
2021,imagined,1
2021,improvements,1
2021,in,1
2021,inaccurate,1
2021,happens,1
2021,government,1
2021,including,1
2021,goes,1
2021,family,1
2021,feed,1
2021,fighters,1
2021,fighting,1
2021,fire,1
2021,fold,1
2021,forces,1
2021,forward,1
2021,fragile,1
2021,freedom,1
2021,from,1
2021,frustration,1
2021,full,1
2021,future,1
2021,generations,1
2021,incident,1
2021,inflict,1
2021,network,1
2021,led,1
2021,loan,1
2021,losing,1
2021,m,1
2021,manner,1
2021,martyrs,1
2021,media,1
2021,minds,1
2021,morning,1
2021,mortars,1
2021,my,1
2021,narrative,1
2021,nearby,1
2021,negotiation,1
2021,negotiations,1
2021,neighbours,1
2021,liked,1
2021,laws,1
2021,informal,1
2021,last,1
2021,insane,1
2021,insanely,1
2021,intelligence,1
2021,intervals,1
2021,intervention,1
2021,intimidation,1
2021,investigate,1
2021,irredeemably,1
2021,itself,1
2021,justice,1
2021,keg,1
2021,kill,1
2021,killing,1
2021,kind,1
2021,know,1
2022,source,1
2022,space,1
2022,stopped,1
2023,disparity,1
2023,diplomats,1
2023,direct,1
2023,director,1
2023,disagreements,1
2023,disappointing,1
2023,discovered,1
2023,discuss,1
2023,displacement,1
2023,dangerous,1
2023,display,1
2023,disregard,1
2023,distrust,1
2023,divorced,1
2023,do,1
2023,domestically,1
2023,done,1
2023,devastating,1
2023,detention,1
2023,despair,1
2023,designed,1
2023,deadlock,1
2023,deal,1
2023,dealing,1
2023,dealings,1
2023,death,1
2023,deaths,1
2023,defend,1
2023,defenders,1
2023,defiantly,1
2023,demand,1
2023,democracy,1
2023,denied,1
2023,department,1
2023,depriving,1
2023,designations,1
2023,door,1
2023,down,1
2023,during,1
2023,enter,1
2023,entity,1
2023,equality,1
2023,evacuate,1
2023,even,1
2023,everyday,1
2023,everyone,1
2023,everywhere,1
2023,exception,1
2023,exercising,1
2023,expected,1
2023,expired,1
2023,explainer,1
2023,expression,1
2023,expulsion,1
2023,extended,1
2023,entire,1
2023,ensure,1
2023,dynamic,1
2023,engage,1
2023,each,1
2023,early,1
2023,ease,1
2023,east,1
2023,economy,1
2023,education,1
2023,electricity,1
2023,eliminate,1
2023,else,1
2023,emoji,1
2023,emotions,1
2023,ended,1
2023,endless,1
2023,ends,1
2023,enforce,1
2023,de,1
2023,danger,1
2022,story,1
2023,com,1
2023,clear,1
2023,closer,1
2023,clout,1
2023,coffee,1
2023,coincided,1
2023,collaboration,1
2023,collide,1
2023,coming,1
2023,daily,1
2023,commitments,1
2023,committing,1
2023,communications,1
2023,complete,1
2023,compromise,1
2023,concerns,1
2023,concessions,1
2023,claims,1
2023,claim,1
2023,civil,1
2023,circumvent,1
2023,cause,1
2023,cemetery,1
2023,challenge,1
2023,champions,1
2023,change,1
2023,changed,1
2023,changing,1
2023,channel,1
2023,chanted,1
2023,chapter,1
2023,checkpoints,1
2023,cheek,1
2023,childhood,1
2023,churches,1
2023,circle,1
2023,concluded,1
2023,condemn,1
2023,condemnation,1
2023,could,1
2023,courts,1
2023,courtyard,1
2023,created,1
2023,creating,1
2023,cried,1
2023,criminal,1
2023,criminalise,1
2023,criminality,1
2023,critical,1
2023,curbing,1
2023,current,1
2023,customs,1
2023,cycle,1
2023,cycles,1
2023,d,1
2023,country,1
2023,coordinator,1
2023,condemned,1
2023,conviction,1
2023,condition,1
2023,conditions,1
2023,conflagration,1
2023,conflicts,1
2023,confrontations,1
2023,congresswomen,1
2023,connect,1
2023,conscience,1
2023,constituents,1
2023,consultancy,1
2023,consuming,1
2023,contain,1
2023,contribued,1
2023,convention,1
2023,conversation,1
2023,extent,1
2023,exterminate,1
2023,eyes,1
2023,instability,1
2023,indirectly,1
2023,individuals,1
2023,infection,1
2023,influence,1
2023,infrastructure,1
2023,inhabitants,1
2023,innocent,1
2023,institutions,1
2023,faith,1
2023,intensify,1
2023,interest,1
2023,interests,1
2023,interim,1
2023,international,1
2023,internationally,1
2023,internet,1
2023,independently,1
2023,indefinitely,1
2023,incursion,1
2023,increased,1
2023,hurts,1
2023,idea,1
2023,ignored,1
2023,image,1
2023,imagination,1
2023,immediate,1
2023,immediately,1
2023,immunised,1
2023,immunity,1
2023,impact,1
2023,imperialist,1
2023,important,1
2023,impossible,1
2023,includes,1
2023,including,1
2023,intervene,1
2023,into,1
2023,investigation,1
2023,lawmakers,1
2023,leaders,1
2023,leadership,1
2023,least,1
2023,lectures,1
2023,legacy,1
2023,legality,1
2023,levelled,1
2023,levels,1
2023,lifesaving,1
2023,like,1
2023,likely,1
2023,limits,1
2023,line,1
2023,list,1
2023,literature,1
2023,laziness,1
2023,latest,1
2023,invitation,1
2023,lands,1
2023,is,1
2023,issues,1
2023,its,1
2023,itself,1
2023,jackets,1
2023,jails,1
2023,joined,1
2023,journey,1
2023,judge,1
2023,junction,1
2023,just,1
2023,justice,1
2023,keep,1
2023,kill,1
2023,know,1
2023,hungry,1
2023,hummus,1
2023,human,1
2023,flights,1
2023,for,1
2023,forces,1
2023,foreign,1
2023,forever,1
2023,forfeit,1
2023,forget,1
2023,forums,1
2023,four,1
2023,frankly,1
2023,freeze,1
2023,fuel,1
2023,fulfilled,1
2023,functioning,1
2023,fund,1
2023,funded,1
2023,fool,1
2023,fled,1
2023,given,1
2023,five,1
2023,fall,1
2023,family,1
2023,far,1
2023,farewell,1
2023,fascist,1
2023,fast,1
2023,fate,1
2023,fates,1
2023,feeling,1
2023,fields,1
2023,fights,1
2023,figures,1
2023,firmly,1
2023,first,1
2023,fit,1
2023,getting,1
2023,global,1
2023,hugs,1
2023,hatred,1
2023,heads,1
2023,health,1
2023,healthcare,1
2023,heed,1
2023,highlighted,1
2023,historical,1
2023,holders,1
2023,holding,1
2023,holiday,1
2023,homeless,1
2023,hope,1
2023,hospital,1
2023,hostages,1
2023,hours,1
2023,how,1
2023,head,1
2023,hates,1
2023,go,1
2023,harsh,1
2023,goals,1
2023,going,1
2023,gone,1
2023,good,1
2023,goodbye,1
2023,goods,1
2023,governorate,1
2023,great,1
2023,ground,1
2023,grow,1
2023,gun,1
2023,guns,1
2023,half,1
2023,happens,1
2023,harassment,1
2023,catastrophic,1
2023,casualties,1
2023,case,1
2023,Diplomacy,1
2023,DAWN,1
2023,DNA,1
2023,David_Cameron,1
2023,DeafMango,1
2023,December,1
2023,Deloire,1
2023,Deraa,1
2023,DrTedros,1
2023,Oz,1
2023,Economist,1
2023,ElSayed,1
2023,Emirates,1
2023,Encanto,1
2023,Enough,1
2023,Euronews,1
2023,Europe,1
2023,CtnBwOx7dn,1
2023,Council,1
2023,Congress,1
2023,Confidential,1
2023,Analyses,1
2023,And,1
2023,Arabic,1
2023,Awwad,1
2023,Ayalon,1
2023,Bank,1
2023,Basal,1
2023,Basravi,1
2023,Bergman,1
2023,Berlin,1
2023,Beyond,1
2023,Biden,1
2023,Buckingham,1
2023,Cambridge,1
2023,China,1
2023,EylonALevy,1
2023,Falklands,1
2023,February,1
2023,Jihad,1
2023,Kathmandu,1
2023,Khuza,1
2023,Kingdom,1
2023,Knowledge,1
2023,Maldives,1
2023,Mason,1
2023,Ministry,1
2023,Mondoweiss,1
2023,Muslims,1
2023,Nablus,1
2023,Nebenzia,1
2023,News,1
2023,Nothing,1
2023,Now,1
2023,OCHA,1
2023,Journalism,1
2023,Jarvis,1
2023,FranceskAlbs,1
2023,Issa,1
2023,Francis,1
2023,Geneva,1
2023,Gunness,1
2023,HaMoked,1
2023,Hagari,1
2023,Halevi,1
2023,Hampshire,1
2023,Hebron,1
2023,Hezbollah,1
2023,ICC,1
2023,ICRC,1
2023,India,1
2023,Institute,1
2023,International,1
2023,Israel,1
2023,Amra,1
2023,African,1
2023,Adler,1
2022,unjustly,1
2022,unnecessary,1
2022,unpopular,1
2022,us,1
2022,visits,1
2022,wall,1
2022,war,1
2022,water,1
2022,week,1
2022,where,1
2022,whole,1
2022,wishes,1
2022,work,1
2022,wrong,1
2022,wrote,1
2022,yet,1
2022,unlawfully,1
2022,undermining,1
2023,030,1
2022,tweeted,1
2022,stronger,1
2022,structural,1
2022,students,1
2022,suffered,1
2022,supporting,1
2022,sure,1
2022,suspect,1
2022,target,1
2022,terror,1
2022,them,1
2022,these,1
2022,things,1
2022,to,1
2022,told,1
2022,towards,1
2023,000,1
2023,1,1
2023,Abugeth,1
2023,250,1
2023,281,1
2023,3,1
2023,350,1
2023,39,1
2023,40,1
2023,41,1
2023,5,1
2023,5m,1
2023,6,1
2023,65,1
2023,750,1
2023,8,1
2023,81,1
2023,9,1
2023,Abbas,1
2023,28,1
2023,24,1
2023,100,1
2023,23,1
2023,12,1
2023,1391,1
2023,15m,1
2023,160,1
2023,19,1
2023,2,1
2023,2003,1
2023,2005,1
2023,2007,1
2023,2016,1
2023,2018,1
2023,2024,1
2023,203,1
2023,220,1
2023,224,1
2023,Organization,1
2023,Pacific,1
2023,carried,1
2023,ato,1
2023,areas,1
2023,army,1
2023,arrest,1
2023,arrive,1
2023,aspirations,1
2023,assessment,1
2023,at,1
2023,attackers,1
2023,PaulDoherty___,1
2023,attend,1
2023,bad,1
2023,band,1
2023,barbaric,1
2023,be,1
2023,beautiful,1
2023,beauty,1
2023,area,1
2023,are,1
2023,archipelago,1
2023,approved,1
2023,alongside,1
2023,already,1
2023,also,1
2023,altogether,1
2023,ambassador,1
2023,ambitions,1
2023,analysis,1
2023,analyst,1
2023,annihilate,1
2023,announce,1
2023,antisemitism,1
2023,apartheid,1
2023,apply,1
2023,approval,1
2023,approvals,1
2023,became,1
2023,begun,1
2023,behind,1
2023,bring,1
2023,brokered,1
2023,brusselsagainstgenocide,1
2023,bulletproof,1
2023,bullying,1
2023,but,1
2023,by,1
2023,calculations,1
2023,cancelled,1
2023,cannot,1
2023,capital,1
2023,capitals,1
2023,captured,1
2023,care,1
2023,caring,1
2023,carnage,1
2023,brink,1
2023,brevity,1
2023,believer,1
2023,bread,1
2023,bell,1
2023,bi,1
2023,bit,1
2023,bitter,1
2023,blood,1
2023,board,1
2023,bomb,1
2023,bombardments,1
2023,bombs,1
2023,bond,1
2023,border,1
2023,borders,1
2023,bound,1
2023,boyhood,1
2023,brazen,1
2023,allowing,1
2023,allowed,1
2023,allow,1
2023,Starkly,1
2023,Sufi,1
2023,Sunak,1
2023,TV,1
2023,Tahhan,1
2023,Tala,1
2023,Territories,1
2023,That,1
2023,There,1
2023,Three,1
2023,Thursday,1
2023,Times,1
2023,To,1
2023,Tomorrow,1
2023,Tselem,1
2023,Tuesday,1
2023,State,1
2023,Spain,1
2023,Utrecht,1
2023,Shamim,1
2023,People,1
2023,Perello,1
2023,Pietromarchi,1
2023,Punishment,1
2023,Qasem,1
2023,Qatar,1
2023,Quality,1
2023,Ramallah,1
2023,RepRashida,1
2023,Reuters,1
2023,River,1
2023,Russia,1
2023,SadiqKhan,1
2023,Sela,1
2023,Shahin,1
2023,UK,1
2023,West,1
2023,allegedly,1
2023,activist,1
2023,activity,1
2023,actors,1
2023,addressed,1
2023,advance,1
2023,affects,1
2023,after,1
2023,afterlife,1
2023,aftermath,1
2023,ago,1
2023,agreement,1
2023,ahead,1
2023,aid,1
2023,aims,1
2023,airports,1
2023,aligned,1
2023,activities,1
2023,actions,1
2023,Whitson,1
2023,action,1
2023,Wisconsin,1
2023,Writer,1
2023,X,1
2023,YTN,1
2023,Yatta,1
2023,Zambia,1
2023,Zataar,1
2023,Zionist,1
2023,abetting,1
2023,abroad,1
2023,abyss,1
2023,accountability,1
2023,accuracy,1
2023,achieved,1
2023,achieving,1
2024,בעיניים,1
